candidate_id	matched_de_id	direction	logfc	padj	minus_log10_padj
evm.utg1002.23	evm.TU.utg1002.23	down	-1.97809768482212	0.00082182499881778	3.08522065221568
utg10530.equina_smart_1626273.mrna1	utg10530.equina_smart_1626273.path1	down	-2.29514746447032	0.00012549215741747	3.90138341439603
evm.utg12341.2	evm.TU.utg12341.2	down	-1.01867159657032	0.0255611821574112	1.59241906473241
utg129.equina_smart_1766710.mrna10	utg129.equina_smart_1766710.path10	down	-1.17885103803371	0.0241374946858843	1.6173078088269
utg13.equina_smart_1584572.mrna11	utg13.equina_smart_1584572.path11	down	-2.64425655387366	4.77222029504053e-05	4.32127951665462
evm.utg13050.2	evm.TU.utg13050.2	down	-1.50246306104182	0.00795615079006591	2.0992969944424
evm.utg13730.6	evm.TU.utg13730.6	down	-1.37580009303919	0.00396063015964194	2.40223570976075
evm.utg13793.34	evm.TU.utg13793.34	down	-1.53681343719657	0.0101824743958168	1.99214667328905
utg1498.equina_smart_1471857.mrna2	utg1498.equina_smart_1471857.path2	down	-1.24575855238045	0.0214892711467574	1.66777831425771
evm.utg1517.19	evm.TU.utg1517.19	down	-1.89482895070872	0.00614321375289012	2.21160437315747
evm.utg152524.3	evm.TU.utg152524.3	up	1.66318746882696	0.00799594417877989	2.09713024643642
evm.utg1575.43	evm.TU.utg1575.43	down	-1.52024605271212	0.00236655944327411	2.62588258244394
evm.utg1684.3	evm.TU.utg1684.3	down	-1.47573227974599	0.0147219378452798	1.83203502015342
evm.utg183.9	evm.TU.utg183.9	up	1.44302202502385	0.00402350911229928	2.39539501076133
utg18932.equina_smart_17200.mrna3	utg18932.equina_smart_17200.path3	down	-1.21529252109371	0.00557283180244476	2.25392406449313
evm.utg19590.19	evm.TU.utg19590.19	down	-1.7771716441944	0.00243811102078263	2.61294652241924
utg2007.equina_smart_1739258.mrna7	utg2007.equina_smart_1739258.path7	down	-1.15951347588651	0.0210207520497713	1.67735175047603
evm.utg24783.1	evm.TU.utg24783.1	down	-2.16276699782562	0.00500976737984662	2.3001824394011
evm.utg255.7	evm.TU.utg255.7	down	-1.28722473644951	0.0050180853716773	2.29946195439387
evm.utg2704.43	evm.TU.utg2704.43	down	-1.05808145261634	0.0307417231172486	1.51227179333141
evm.utg3339.2	evm.TU.utg3339.2	down	-1.14067697268142	0.0177671653915317	1.75038185486287
utg375.equina_smart_1611947.mrna5	utg375.equina_smart_1611947.path5	down	-1.48680136546498	0.00579814916509199	2.23671061603465
evm.utg420.21	evm.TU.utg420.21	down	-1.11339383733089	0.0282190548058182	1.54945753698465
utg4605.equina_smart_1456009.mrna1	utg4605.equina_smart_1456009.path1	up	1.17547035307023	0.0231110725492772	1.63617989911527
utg467.equina_smart_496225.mrna1	utg467.equina_smart_496225.path1	down	-1.00776950164411	0.0368432755751776	1.43364176552769
utg5066.equina_smart_1626273.mrna7	utg5066.equina_smart_1626273.path7	down	-1.61440538820614	0.00476874649475895	2.32159576392671
utg54.equina_smart_1393648.mrna3	utg54.equina_smart_1393648.path3	down	-1.26575933757799	0.0214484046044363	1.66860500638173
utg54.equina_smart_1745750.mrna4	utg54.equina_smart_1745750.path4	down	-1.32535712639671	0.0171061635606773	1.76684737977796
utg693.equina_smart_348377.mrna1	utg693.equina_smart_348377.path1	up	1.11409484711957	0.0119452632003633	1.922804276621
utg69632.equina_smart_1711350.mrna3	utg69632.equina_smart_1711350.path3	down	-1.08535320633127	0.0285094013979037	1.54501190132669
utg7289.evm.utg16112.2.mrna2	utg7289.evm.utg16112.2.path2	down	-1.95706127379418	0.00556586410253142	2.25446740171042
utg801.equina_smart_1701734.mrna1	utg801.equina_smart_1701734.path1	down	-2.20162494715669	0.00099764592379864	3.00102356755549
evm.utg817.29	evm.TU.utg817.29	down	-1.01891293853055	0.0254876349909448	1.5936704610405
evm.utg820.12	evm.TU.utg820.12	down	-1.47913802957357	0.011877935308421	1.92525904437911
utg844.equina_smart_854614.mrna2	utg844.equina_smart_854614.path2	down	-1.06301135925839	0.0325103259618773	1.48797867606724
utg8494.equina_smart_1606023.mrna1	utg8494.equina_smart_1606023.path1	down	-2.06386598249905	0.00103515372605279	2.98499515028541
evm.utg8726.2	evm.TU.utg8726.2	up	1.71252774278587	0.009376661836414	2.02795174627497
evm.utg8726.3	evm.TU.utg8726.3	up	2.51086702339127	0.00281744374360197	2.55014474683009
utg888.equina_smart_497476.mrna1	utg888.equina_smart_497476.path1	up	21.6793746738122	5.19548372041753e-09	8.28437401166247
evm.utg109.50	evm.TU.utg109.50	down	-1.14693088999267	0.0231096925910644	1.63620583153917
evm.utg18633.2	evm.TU.utg18633.2	up	1.04877991200191	0.00352161881106034	2.45325765495943
evm.utg2338.21	evm.TU.utg2338.21	up	1.55260093420511	0.00958995235335809	2.01818355056918
evm.utg320.138	evm.TU.utg320.138	down	-1.84431873556181	0.0027432346512565	2.56173704205378
evm.utg413.14	evm.TU.utg413.14	down	-1.01863592227447	0.020204781370932	1.6945458445488
evm.utg4130.11	evm.TU.utg4130.11	down	-1.17212294708838	0.0238063306132934	1.6233075393791
evm.utg417.27	evm.TU.utg417.27	down	-1.20569617372841	0.0239051842985533	1.62150790373409
evm.utg420.78	evm.TU.utg420.78	up	1.03837444421431	0.0108500205994657	1.96456943727851
evm.utg48.62	evm.TU.utg48.62	down	-1.42381665929172	0.00609572057644489	2.21497494896659
evm.utg60619.1	evm.TU.utg60619.1	down	-1.43440413752888	0.00676255664362863	2.16988908419039
evm.utg73.130	evm.TU.utg73.130	down	-1.25777382316748	0.00900361796165192	2.04558294111115
evm.utg7616.2	evm.TU.utg7616.2	down	-1.59794081046291	0.00393638401657983	2.40490254028482
evm.utg7769.7	evm.TU.utg7769.7	up	1.70804163837348	0.00972054924195751	2.01230919536052
evm.utg8609.20	evm.TU.utg8609.20	down	-1.5493001244828	0.0124859039670854	1.90358000968386
evm.utg890.57	evm.TU.utg890.57	down	-1.33538463382474	0.0140362901837468	1.85274766183756
evm.utg18553.5	evm.TU.utg18553.5	up	1.04063142578512	0.0045108711741685	2.34573957572797
evm.utg276.17	evm.TU.utg276.17	up	1.71848944806875	9.91436061178755e-05	4.0037352886928
evm.utg1056.15	evm.TU.utg1056.15	up	2.10783983603422	0.00276811201885048	2.5578163390042
evm.utg1345.37	evm.TU.utg1345.37	up	1.88303200226205	0.00761361492000459	2.11840909263149
evm.utg616.125	evm.TU.utg616.125	down	-1.52746893777377	0.00609572057644489	2.21497494896659
evm.utg625.123	evm.TU.utg625.123	down	-1.0515623107138	0.0249205314573744	1.60344270011303
evm.utg6373.26	evm.TU.utg6373.26	down	-1.51955257959515	0.00177059049824518	2.75188187072227
evm.utg77.147.149	evm.TU.utg77.147.149	down	-1.96198085411551	0.00156517995504926	2.80543572265945
evm.utg8494.38	evm.TU.utg8494.38	down	-1.04823517603594	0.0045108711741685	2.34573957572797
evm.utg1056.8	evm.TU.utg1056.8	up	1.02093654641546	0.0229445591123834	1.6393202830074
evm.utg9251.32	evm.TU.utg9251.32	down	-1.48420917259804	0.0146754312617537	1.83340912743313
evm.utg5414.24	evm.TU.utg5414.24	down	-1.47898422504605	0.00385411767396075	2.41407502959452
evm.utg379.10	evm.TU.utg379.10	down	-1.18901172104362	0.0131740246335764	1.88028152882404
evm.utg498.74	evm.TU.utg498.74	down	-1.3158515948595	0.00923697799562857	2.03447009095422
evm.utg597.114	evm.TU.utg597.114	down	-1.58875336862382	0.00402350911229928	2.39539501076133
