contig	n_dark_candidate_ids	n_genes	n_transcripts	annotation_classes	candidate_region_span
utg10	4	53	112	function_dark_no_current_annotation	utg10:5566-544330
utg1002	4	44	95	function_dark_no_current_annotation	utg1002:3273-412877
utg10026	1	22	64	function_dark_no_current_annotation	utg10026:8010-270572
utg10041	2	24	48	function_dark_no_current_annotation	utg10041:514-118322
utg1005	4	85	207	function_dark_no_current_annotation	utg1005:902-833197
utg10069	1	6	10	function_dark_no_current_annotation	utg10069:2186-88295
utg10077	1	16	36	function_dark_no_current_annotation	utg10077:1601-109639
utg1009	1	31	60	function_dark_no_current_annotation	utg1009:5379-214794
utg101	18	210	513	function_dark_no_current_annotation	utg101:1584-1545426
utg10114	5	29	56	function_dark_no_current_annotation	utg10114:2035-192028
utg10135	1	8	14	function_dark_no_current_annotation	utg10135:529-54226
utg10156	6	33	66	function_dark_no_current_annotation	utg10156:17087-311672
utg1022	11	77	165	function_dark_no_current_annotation	utg1022:2754-691313
utg102448	1	7	14	function_dark_no_current_annotation	utg102448:1234-37320
utg10282	1	27	52	function_dark_no_current_annotation	utg10282:10311-309770
utg103034	1	4	6	function_dark_no_current_annotation	utg103034:8859-36559
utg1031	3	89	208	function_dark_no_current_annotation	utg1031:6218-587403
utg1032	8	50	124	function_dark_no_current_annotation	utg1032:1560-603442
utg10321	5	32	83	function_dark_no_current_annotation	utg10321:6889-381457
utg10358	3	19	36	function_dark_no_current_annotation	utg10358:7245-75619
utg10359	3	35	68	function_dark_no_current_annotation	utg10359:3360-302739
utg1038	2	17	32	function_dark_no_current_annotation	utg1038:159-152913
utg10385	1	13	24	function_dark_no_current_annotation	utg10385:9505-72985
utg104	4	88	212	function_dark_no_current_annotation	utg104:4239-634532
utg10470	4	58	130	function_dark_no_current_annotation	utg10470:7971-491490
utg10477	1	13	24	function_dark_no_current_annotation	utg10477:9820-66072
utg1049	2	47	113	function_dark_no_current_annotation	utg1049:137-500343
utg1051	5	104	273	function_dark_no_current_annotation	utg1051:932-680676
utg1052	9	54	129	function_dark_no_current_annotation	utg1052:661-560964
utg10530	1	2	2	function_dark_no_current_annotation	utg10530:96381-98384
utg10541	5	33	72	function_dark_no_current_annotation	utg10541:522-251591
utg1056	19	153	411	function_dark_no_current_annotation	utg1056:29603-1519643
utg10588	3	33	90	function_dark_no_current_annotation	utg10588:351-256771
utg10608	1	4	6	function_dark_no_current_annotation	utg10608:13228-32282
utg10628	1	26	50	function_dark_no_current_annotation	utg10628:1131-140839
utg107	5	68	155	function_dark_no_current_annotation	utg107:3288-536440
utg10709	1	6	10	function_dark_no_current_annotation	utg10709:18913-43619
utg1073	2	16	36	function_dark_no_current_annotation	utg1073:1791-199905
utg1079	10	74	146	function_dark_no_current_annotation	utg1079:133-341501
utg10824	1	7	12	function_dark_no_current_annotation	utg10824:1550-51874
utg109	21	127	306	function_dark_no_current_annotation	utg109:5979-1142044
utg1091	6	65	138	function_dark_no_current_annotation	utg1091:4746-702213
utg10933	2	16	30	function_dark_no_current_annotation	utg10933:3476-72295
utg10963	2	9	16	function_dark_no_current_annotation	utg10963:18710-104400
utg1101	13	83	164	function_dark_no_current_annotation	utg1101:16560-536742
utg11096	1	23	54	function_dark_no_current_annotation	utg11096:20183-321889
utg1112	1	2	2	function_dark_no_current_annotation	utg1112:48218-49746
utg11123	1	11	32	function_dark_no_current_annotation	utg11123:6971-157422
utg111395	1	4	6	function_dark_no_current_annotation	utg111395:1075-52421
utg112	3	65	130	function_dark_no_current_annotation	utg112:13980-450773
utg11219	1	6	10	function_dark_no_current_annotation	utg11219:3255-34679
utg1127	2	69	172	function_dark_no_current_annotation	utg1127:4483-599726
utg113	4	29	64	function_dark_no_current_annotation	utg113:10961-390703
utg1132	1	5	8	function_dark_no_current_annotation	utg1132:8867-70277
utg113218	2	6	10	function_dark_no_current_annotation	utg113218:4424-51178
utg11341	1	6	10	function_dark_no_current_annotation	utg11341:1347-32842
utg1137	10	55	118	function_dark_no_current_annotation	utg1137:8157-507419
utg114	1	15	39	function_dark_no_current_annotation	utg114:28287-205781
utg1140	2	24	46	function_dark_no_current_annotation	utg1140:146-258362
utg11411	1	31	66	function_dark_no_current_annotation	utg11411:6734-274652
utg11415	5	52	135	function_dark_no_current_annotation	utg11415:263-379653
utg1143	14	60	118	function_dark_no_current_annotation	utg1143:17048-426393
utg11494	2	12	22	function_dark_no_current_annotation	utg11494:8863-112175
utg11497	5	19	36	function_dark_no_current_annotation	utg11497:404-60562
utg115298	2	7	12	function_dark_no_current_annotation	utg115298:5511-38343
utg11599	1	3	4	function_dark_no_current_annotation	utg11599:13278-15434
utg116	23	370	902	function_dark_no_current_annotation	utg116:4141-2965329
utg1162	3	35	80	function_dark_no_current_annotation	utg1162:8390-303713
utg11695	2	5	8	function_dark_no_current_annotation	utg11695:3164-28906
utg117	1	28	58	function_dark_no_current_annotation	utg117:8374-173360
utg11700	1	10	18	function_dark_no_current_annotation	utg11700:9276-83676
utg1172	1	8	18	function_dark_no_current_annotation	utg1172:8102-86526
utg11763	2	10	18	function_dark_no_current_annotation	utg11763:777-61758
utg1177	3	24	53	function_dark_no_current_annotation	utg1177:14896-181554
utg11814	3	16	38	function_dark_no_current_annotation	utg11814:22-101446
utg1184	2	23	44	function_dark_no_current_annotation	utg1184:8375-148784
utg11905	2	12	27	function_dark_no_current_annotation	utg11905:5801-112796
utg1194	2	28	86	function_dark_no_current_annotation	utg1194:8497-303720
utg1201	1	31	70	function_dark_no_current_annotation	utg1201:372-298588
utg12030	3	19	44	function_dark_no_current_annotation	utg12030:1121-154392
utg1204	4	54	128	function_dark_no_current_annotation	utg1204:3093-545438
utg1205	16	159	384	function_dark_no_current_annotation	utg1205:568-1387016
utg1221	1	26	64	function_dark_no_current_annotation	utg1221:15151-220580
utg12230	2	15	28	function_dark_no_current_annotation	utg12230:12813-102689
utg1230	5	40	89	function_dark_no_current_annotation	utg1230:1471-250645
utg12336	3	34	66	function_dark_no_current_annotation	utg12336:2365-180738
utg1234	3	32	70	function_dark_no_current_annotation	utg1234:7013-266007
utg12341	1	7	12	function_dark_no_current_annotation	utg12341:2417-37183
utg1236	6	46	104	function_dark_no_current_annotation	utg1236:3195-469256
utg12382	1	28	66	function_dark_no_current_annotation	utg12382:8348-263410
utg1239	3	30	60	function_dark_no_current_annotation	utg1239:2676-325715
utg1243	1	2	2	function_dark_no_current_annotation	utg1243:69684-70529
utg12476	1	12	22	function_dark_no_current_annotation	utg12476:1281-53658
utg1249	5	29	60	function_dark_no_current_annotation	utg1249:5080-196809
utg125	28	192	418	function_dark_no_current_annotation	utg125:4684-2107110
utg1251	1	13	38	function_dark_no_current_annotation	utg1251:3534-145514
utg1253	10	90	182	function_dark_no_current_annotation	utg1253:5022-586587
utg12551	3	41	80	function_dark_no_current_annotation	utg12551:3622-230066
utg12553	2	9	26	function_dark_no_current_annotation	utg12553:5666-87777
utg1256	6	30	58	function_dark_no_current_annotation	utg1256:1791-193954
utg125632	2	6	10	function_dark_no_current_annotation	utg125632:3955-28257
utg1257	1	11	20	function_dark_no_current_annotation	utg1257:21015-66947
utg126	15	170	417	function_dark_no_current_annotation	utg126:1112-1289203
utg12644	4	14	26	function_dark_no_current_annotation	utg12644:5531-71419
utg1265	1	5	8	function_dark_no_current_annotation	utg1265:1128-161479
utg12655	6	58	139	function_dark_no_current_annotation	utg12655:6920-376353
utg12688	1	28	60	function_dark_no_current_annotation	utg12688:2243-229720
utg1270	3	39	101	function_dark_no_current_annotation	utg1270:1821-383084
utg1271	19	110	218	function_dark_no_current_annotation	utg1271:707-838121
utg1272	17	185	441	function_dark_no_current_annotation	utg1272:1387-1388793
utg12724	2	18	34	function_dark_no_current_annotation	utg12724:562-91255
utg1277	1	50	150	function_dark_no_current_annotation	utg1277:263-362063
utg1278	9	89	236	function_dark_no_current_annotation	utg1278:12966-520957
utg1281	2	37	78	function_dark_no_current_annotation	utg1281:616-398760
utg1285	8	99	236	function_dark_no_current_annotation	utg1285:1406-698849
utg12875	1	29	58	function_dark_no_current_annotation	utg12875:23-222782
utg12878	1	6	12	function_dark_no_current_annotation	utg12878:3993-63338
utg12889	1	24	63	function_dark_no_current_annotation	utg12889:3908-249255
utg12897	4	25	50	function_dark_no_current_annotation	utg12897:9138-226868
utg129	8	94	202	function_dark_no_current_annotation	utg129:815-853721
utg1290	3	61	156	function_dark_no_current_annotation	utg1290:2001-669464
utg12900	1	14	26	function_dark_no_current_annotation	utg12900:18334-111952
utg129201	1	10	18	function_dark_no_current_annotation	utg129201:15565-82141
utg12937	1	8	16	function_dark_no_current_annotation	utg12937:1803-59110
utg12968	1	14	33	function_dark_no_current_annotation	utg12968:23741-189749
utg12986	3	75	173	function_dark_no_current_annotation	utg12986:478-612868
utg13	10	73	169	function_dark_no_current_annotation	utg13:3480-1270421
utg1302	3	32	62	function_dark_no_current_annotation	utg1302:16350-329648
utg13050	2	7	12	function_dark_no_current_annotation	utg13050:6580-58588
utg13091	2	16	32	function_dark_no_current_annotation	utg13091:5254-150700
utg1319	1	6	15	function_dark_no_current_annotation	utg1319:14408-41859
utg13276	2	7	14	function_dark_no_current_annotation	utg13276:1255-45548
utg1330	1	25	60	function_dark_no_current_annotation	utg1330:1539-359628
utg13322	7	14	26	function_dark_no_current_annotation	utg13322:2019-107696
utg13368	4	13	24	function_dark_no_current_annotation	utg13368:683-96290
utg1337	4	34	75	function_dark_no_current_annotation	utg1337:35053-423372
utg1345	12	87	182	function_dark_no_current_annotation	utg1345:8291-676715
utg1347	3	25	48	function_dark_no_current_annotation	utg1347:3774-207326
utg13474	7	39	76	function_dark_no_current_annotation	utg13474:16784-283848
utg13496	2	13	34	function_dark_no_current_annotation	utg13496:16900-229784
utg13510	1	19	39	function_dark_no_current_annotation	utg13510:2296-153725
utg1355	1	2	2	function_dark_no_current_annotation	utg1355:172096-172469
utg1358	6	46	123	function_dark_no_current_annotation	utg1358:7149-599680
utg13597	3	15	32	function_dark_no_current_annotation	utg13597:3754-52894
utg13607	1	10	18	function_dark_no_current_annotation	utg13607:11735-121668
utg1363	3	65	158	function_dark_no_current_annotation	utg1363:3162-474751
utg1372	1	27	54	function_dark_no_current_annotation	utg1372:7964-255993
utg13730	1	25	52	function_dark_no_current_annotation	utg13730:3318-337777
utg1378	6	30	64	function_dark_no_current_annotation	utg1378:578-172531
utg13793	3	34	74	function_dark_no_current_annotation	utg13793:11830-359757
utg1381	7	48	94	function_dark_no_current_annotation	utg1381:214-242980
utg138951	1	3	4	function_dark_no_current_annotation	utg138951:1518-9775
utg1395	10	62	130	function_dark_no_current_annotation	utg1395:10901-514151
utg13959	6	16	30	function_dark_no_current_annotation	utg13959:468-88236
utg1396	3	32	78	function_dark_no_current_annotation	utg1396:867-267913
utg1398	3	46	99	function_dark_no_current_annotation	utg1398:2537-276246
utg13981	3	30	58	function_dark_no_current_annotation	utg13981:23108-146824
utg139996	1	6	10	function_dark_no_current_annotation	utg139996:19490-53738
utg14	7	89	184	function_dark_no_current_annotation	utg14:1411-807703
utg14007	2	7	9	function_dark_no_current_annotation	utg14007:11213-58147
utg14021	10	48	94	function_dark_no_current_annotation	utg14021:4079-274270
utg1403	3	43	90	function_dark_no_current_annotation	utg1403:759-297958
utg1404	4	34	75	function_dark_no_current_annotation	utg1404:12754-340618
utg1416	1	16	30	function_dark_no_current_annotation	utg1416:9539-124932
utg14160	2	6	10	function_dark_no_current_annotation	utg14160:6220-42479
utg14280	1	2	2	function_dark_no_current_annotation	utg14280:116961-117196
utg14287	6	53	108	function_dark_no_current_annotation	utg14287:790-473742
utg1432	6	43	105	function_dark_no_current_annotation	utg1432:269-393271
utg14366	2	24	49	function_dark_no_current_annotation	utg14366:953-192054
utg144	11	87	191	function_dark_no_current_annotation	utg144:6342-989425
utg14412	1	2	2	function_dark_no_current_annotation	utg14412:32420-34588
utg145	10	88	186	function_dark_no_current_annotation	utg145:5582-643846
utg1450	1	5	8	function_dark_no_current_annotation	utg1450:5767-25987
utg1452	1	17	35	function_dark_no_current_annotation	utg1452:1325-111373
utg14533	6	32	64	function_dark_no_current_annotation	utg14533:7253-239115
utg1455	4	42	88	function_dark_no_current_annotation	utg1455:12009-427521
utg14556	1	10	18	function_dark_no_current_annotation	utg14556:853-65520
utg1459	1	16	30	function_dark_no_current_annotation	utg1459:1971-169787
utg146	5	33	88	function_dark_no_current_annotation	utg146:19897-222283
utg1463	1	35	78	function_dark_no_current_annotation	utg1463:1344-264076
utg1464	1	12	24	function_dark_no_current_annotation	utg1464:3206-142776
utg1465	9	66	130	function_dark_no_current_annotation	utg1465:6327-315143
utg1468	2	14	26	function_dark_no_current_annotation	utg1468:469-81806
utg14683	2	12	22	function_dark_no_current_annotation	utg14683:6116-44605
utg14731	4	31	60	function_dark_no_current_annotation	utg14731:1556-144137
utg1475	1	18	36	function_dark_no_current_annotation	utg1475:3454-211913
utg14892	1	10	20	function_dark_no_current_annotation	utg14892:1932-55541
utg14902	2	34	77	function_dark_no_current_annotation	utg14902:1411-201577
utg14913	5	19	36	function_dark_no_current_annotation	utg14913:53-106170
utg14923	4	13	24	function_dark_no_current_annotation	utg14923:1978-65186
utg1497	1	27	54	function_dark_no_current_annotation	utg1497:2076-224729
utg1498	4	16	36	function_dark_no_current_annotation	utg1498:14534-155622
utg150	7	100	262	function_dark_no_current_annotation	utg150:9291-896610
utg15013	2	30	85	function_dark_no_current_annotation	utg15013:7989-313847
utg15014	2	6	10	function_dark_no_current_annotation	utg15014:14146-40879
utg15156	2	28	76	function_dark_no_current_annotation	utg15156:897-315466
utg15164	3	54	112	function_dark_no_current_annotation	utg15164:571-434445
utg1517	4	31	60	function_dark_no_current_annotation	utg1517:321-129168
utg15197	2	30	58	function_dark_no_current_annotation	utg15197:7367-201591
utg152	8	74	196	function_dark_no_current_annotation	utg152:20591-749844
utg15210	1	23	44	function_dark_no_current_annotation	utg15210:13878-209408
utg15226	2	18	36	function_dark_no_current_annotation	utg15226:77-150482
utg15232	1	7	12	function_dark_no_current_annotation	utg15232:31073-57220
utg15244	1	2	2	function_dark_no_current_annotation	utg15244:28940-36749
utg1525	4	39	76	function_dark_no_current_annotation	utg1525:13218-385194
utg152524	1	9	18	function_dark_no_current_annotation	utg152524:1841-46423
utg15281	7	35	68	function_dark_no_current_annotation	utg15281:284-284483
utg1530	2	44	105	function_dark_no_current_annotation	utg1530:4005-486863
utg1542	2	48	114	function_dark_no_current_annotation	utg1542:917-406208
utg15427	2	11	20	function_dark_no_current_annotation	utg15427:9012-75294
utg15453	2	13	24	function_dark_no_current_annotation	utg15453:48-71188
utg15522	1	6	10	function_dark_no_current_annotation	utg15522:6693-116792
utg1555	3	51	134	function_dark_no_current_annotation	utg1555:648-311931
utg15552	1	21	42	function_dark_no_current_annotation	utg15552:4306-150004
utg15556	1	5	8	function_dark_no_current_annotation	utg15556:15325-46722
utg15578	2	8	14	function_dark_no_current_annotation	utg15578:245-32305
utg15585	3	4	6	function_dark_no_current_annotation	utg15585:141475-161315
utg15629	3	13	24	function_dark_no_current_annotation	utg15629:1048-82676
utg1563	1	5	8	function_dark_no_current_annotation	utg1563:11853-37059
utg1565	4	116	324	function_dark_no_current_annotation	utg1565:3122-956059
utg15686	2	7	14	function_dark_no_current_annotation	utg15686:524-29330
utg1569	3	9	16	function_dark_no_current_annotation	utg1569:1876-46245
utg157399	1	4	6	function_dark_no_current_annotation	utg157399:6578-20197
utg1575	3	42	92	function_dark_no_current_annotation	utg1575:38344-404483
utg1579	4	5	8	function_dark_no_current_annotation	utg1579:34230-299214
utg1581	1	2	2	function_dark_no_current_annotation	utg1581:80062-80784
utg15813	5	27	54	function_dark_no_current_annotation	utg15813:2749-145784
utg15832	1	11	20	function_dark_no_current_annotation	utg15832:7291-71136
utg15839	1	4	6	function_dark_no_current_annotation	utg15839:15336-41211
utg1588	1	2	2	function_dark_no_current_annotation	utg1588:28391-42487
utg1594	2	7	12	function_dark_no_current_annotation	utg1594:1845-97182
utg15941	1	9	16	function_dark_no_current_annotation	utg15941:86-37817
utg1596	1	4	6	function_dark_no_current_annotation	utg1596:8010-38679
utg15960	3	6	10	function_dark_no_current_annotation	utg15960:583-46424
utg159686	1	4	6	function_dark_no_current_annotation	utg159686:2375-36320
utg160	4	43	106	function_dark_no_current_annotation	utg160:1693-338382
utg16027	1	24	61	function_dark_no_current_annotation	utg16027:5893-161748
utg16030	4	16	30	function_dark_no_current_annotation	utg16030:5907-148004
utg16036	5	54	120	function_dark_no_current_annotation	utg16036:22886-335536
utg1609	7	93	238	function_dark_no_current_annotation	utg1609:4575-982892
utg16091	2	14	28	function_dark_no_current_annotation	utg16091:358-60671
utg16094	1	24	46	function_dark_no_current_annotation	utg16094:10071-124306
utg16180	2	9	16	function_dark_no_current_annotation	utg16180:13978-58455
utg162	6	72	162	function_dark_no_current_annotation	utg162:1807-670853
utg16223	4	35	72	function_dark_no_current_annotation	utg16223:13994-403370
utg162231	1	3	4	function_dark_no_current_annotation	utg162231:18535-38090
utg1623	7	40	82	function_dark_no_current_annotation	utg1623:1650-265271
utg16283	2	19	40	function_dark_no_current_annotation	utg16283:1531-130970
utg163	17	101	241	function_dark_no_current_annotation	utg163:9338-735801
utg16443	5	29	80	function_dark_no_current_annotation	utg16443:523-210042
utg16444	5	28	54	function_dark_no_current_annotation	utg16444:9751-247565
utg1645	4	22	42	function_dark_no_current_annotation	utg1645:3149-124825
utg1648	6	50	114	function_dark_no_current_annotation	utg1648:9594-450525
utg16484	1	4	6	function_dark_no_current_annotation	utg16484:29115-36115
utg1654	1	15	28	function_dark_no_current_annotation	utg1654:238-105171
utg1662	1	3	4	function_dark_no_current_annotation	utg1662:10471-61903
utg1663	10	65	158	function_dark_no_current_annotation	utg1663:7714-620252
utg166658	1	4	6	function_dark_no_current_annotation	utg166658:17374-39685
utg16690	1	2	2	function_dark_no_current_annotation	utg16690:71024-77568
utg167	6	26	50	function_dark_no_current_annotation	utg167:13257-184130
utg1683	11	72	187	function_dark_no_current_annotation	utg1683:756-496436
utg1684	3	21	55	function_dark_no_current_annotation	utg1684:53-153108
utg1686	1	19	42	function_dark_no_current_annotation	utg1686:2701-241047
utg169038	2	7	12	function_dark_no_current_annotation	utg169038:17730-34741
utg1691	5	35	70	function_dark_no_current_annotation	utg1691:7-326871
utg1694	11	73	171	function_dark_no_current_annotation	utg1694:3386-668257
utg1696	1	22	44	function_dark_no_current_annotation	utg1696:1531-127636
utg1698	1	18	34	function_dark_no_current_annotation	utg1698:4594-99307
utg1708	7	64	130	function_dark_no_current_annotation	utg1708:435-522370
utg17102	3	19	36	function_dark_no_current_annotation	utg17102:10120-116409
utg17181	2	20	38	function_dark_no_current_annotation	utg17181:380-78854
utg172	7	149	385	function_dark_no_current_annotation	utg172:2965-968473
utg1721	2	62	133	function_dark_no_current_annotation	utg1721:6331-676924
utg17212	1	14	28	function_dark_no_current_annotation	utg17212:497-99201
utg1724	1	26	50	function_dark_no_current_annotation	utg1724:617-122031
utg17293	3	15	28	function_dark_no_current_annotation	utg17293:747-128207
utg173190	3	9	16	function_dark_no_current_annotation	utg173190:2752-50340
utg1734	5	33	64	function_dark_no_current_annotation	utg1734:5369-174310
utg17372	1	2	2	function_dark_no_current_annotation	utg17372:155736-158256
utg1745	1	13	26	function_dark_no_current_annotation	utg1745:5066-93660
utg174599	1	5	8	function_dark_no_current_annotation	utg174599:11127-37891
utg1746	1	26	56	function_dark_no_current_annotation	utg1746:107-316467
utg1748	3	39	88	function_dark_no_current_annotation	utg1748:3060-338184
utg17508	2	6	14	function_dark_no_current_annotation	utg17508:8808-37722
utg17511	1	28	60	function_dark_no_current_annotation	utg17511:27686-333018
utg1754	4	59	118	function_dark_no_current_annotation	utg1754:16783-446892
utg17555	1	5	8	function_dark_no_current_annotation	utg17555:1327-40335
utg17588	2	14	26	function_dark_no_current_annotation	utg17588:1701-117121
utg17602	2	17	32	function_dark_no_current_annotation	utg17602:4795-195291
utg17612	10	39	76	function_dark_no_current_annotation	utg17612:4277-201755
utg1765	8	31	85	function_dark_no_current_annotation	utg1765:779-219745
utg17667	1	6	10	function_dark_no_current_annotation	utg17667:52-48225
utg178	8	66	149	function_dark_no_current_annotation	utg178:305-525416
utg17809	1	16	33	function_dark_no_current_annotation	utg17809:4181-169583
utg1781	5	70	146	function_dark_no_current_annotation	utg1781:469-551431
utg1786	2	40	109	function_dark_no_current_annotation	utg1786:1740-445252
utg1796	6	27	52	function_dark_no_current_annotation	utg1796:33049-273891
utg1799	5	16	32	function_dark_no_current_annotation	utg1799:3736-131031
utg17994	2	18	40	function_dark_no_current_annotation	utg17994:222-107249
utg18	14	80	195	function_dark_no_current_annotation	utg18:7935-727975
utg180	5	77	197	function_dark_no_current_annotation	utg180:1171-846024
utg1800	3	35	72	function_dark_no_current_annotation	utg1800:836-405222
utg18019	1	14	28	function_dark_no_current_annotation	utg18019:3859-147359
utg18028	5	34	70	function_dark_no_current_annotation	utg18028:1216-249531
utg18036	1	19	36	function_dark_no_current_annotation	utg18036:24593-160347
utg18063	1	4	6	function_dark_no_current_annotation	utg18063:118-25887
utg181	3	28	62	function_dark_no_current_annotation	utg181:4655-307999
utg18118	3	23	44	function_dark_no_current_annotation	utg18118:32174-167326
utg18125	5	22	44	function_dark_no_current_annotation	utg18125:7264-231873
utg1818	2	38	80	function_dark_no_current_annotation	utg1818:2261-393000
utg1819	4	55	112	function_dark_no_current_annotation	utg1819:9644-489927
utg18228	1	6	10	function_dark_no_current_annotation	utg18228:4755-65132
utg18233	1	2	2	function_dark_no_current_annotation	utg18233:86171-87012
utg1825	10	73	188	function_dark_no_current_annotation	utg1825:4364-956280
utg1828	4	28	54	function_dark_no_current_annotation	utg1828:448-192169
utg18294	2	48	102	function_dark_no_current_annotation	utg18294:24-370955
utg183	5	45	104	function_dark_no_current_annotation	utg183:7118-373100
utg18409	2	15	32	function_dark_no_current_annotation	utg18409:3171-212679
utg1846	16	103	260	function_dark_no_current_annotation	utg1846:3352-926556
utg18506	5	13	24	function_dark_no_current_annotation	utg18506:2567-89169
utg18553	3	24	50	function_dark_no_current_annotation	utg18553:11994-233361
utg186	1	22	44	function_dark_no_current_annotation	utg186:5558-310444
utg18622	1	5	10	function_dark_no_current_annotation	utg18622:3062-79075
utg18633	5	27	52	function_dark_no_current_annotation	utg18633:3178-157717
utg18650	3	18	34	function_dark_no_current_annotation	utg18650:6308-62519
utg1866	3	32	64	function_dark_no_current_annotation	utg1866:6393-199611
utg18686	4	35	68	function_dark_no_current_annotation	utg18686:4975-182039
utg18855	1	13	26	function_dark_no_current_annotation	utg18855:3845-131949
utg1890	4	20	42	function_dark_no_current_annotation	utg1890:6442-270459
utg18927	6	41	82	function_dark_no_current_annotation	utg18927:6920-246788
utg18932	4	5	8	function_dark_no_current_annotation	utg18932:8786-71926
utg1897	7	124	264	function_dark_no_current_annotation	utg1897:2770-887320
utg190	10	83	191	function_dark_no_current_annotation	utg190:1454-621442
utg1900	5	54	143	function_dark_no_current_annotation	utg1900:1194-344635
utg19074	1	27	63	function_dark_no_current_annotation	utg19074:649-314521
utg1910	12	112	312	function_dark_no_current_annotation	utg1910:1703-745844
utg1918	2	18	36	function_dark_no_current_annotation	utg1918:2292-151574
utg1919	12	118	298	function_dark_no_current_annotation	utg1919:2442-940891
utg192	17	92	184	function_dark_no_current_annotation	utg192:389-698688
utg1923	1	14	37	function_dark_no_current_annotation	utg1923:7106-140851
utg1925	6	64	165	function_dark_no_current_annotation	utg1925:183-551981
utg1931	11	101	253	function_dark_no_current_annotation	utg1931:7619-869414
utg19356	1	15	28	function_dark_no_current_annotation	utg19356:837-105186
utg1936	5	22	42	function_dark_no_current_annotation	utg1936:16992-222006
utg19396	1	7	12	function_dark_no_current_annotation	utg19396:10698-59191
utg194	3	109	278	function_dark_no_current_annotation	utg194:1697-833899
utg19545	1	7	12	function_dark_no_current_annotation	utg19545:1473-54716
utg19590	3	17	32	function_dark_no_current_annotation	utg19590:19612-120907
utg19612	1	8	14	function_dark_no_current_annotation	utg19612:11976-123116
utg1962	4	49	119	function_dark_no_current_annotation	utg1962:4775-324303
utg19673	4	24	46	function_dark_no_current_annotation	utg19673:3192-205722
utg1972	2	131	346	function_dark_no_current_annotation	utg1972:1606-1040722
utg1982	3	31	60	function_dark_no_current_annotation	utg1982:18293-141558
utg19866	3	27	68	function_dark_no_current_annotation	utg19866:2508-229601
utg1995	2	16	30	function_dark_no_current_annotation	utg1995:12364-88452
utg2007	5	60	144	function_dark_no_current_annotation	utg2007:2777-547164
utg20076	5	16	30	function_dark_no_current_annotation	utg20076:4638-93483
utg20090	2	10	18	function_dark_no_current_annotation	utg20090:3133-39462
utg2012	2	31	64	function_dark_no_current_annotation	utg2012:7975-247372
utg2013	3	23	44	function_dark_no_current_annotation	utg2013:466-140917
utg2016	1	12	26	function_dark_no_current_annotation	utg2016:10479-83494
utg2017	3	50	112	function_dark_no_current_annotation	utg2017:1102-459081
utg2018	2	32	86	function_dark_no_current_annotation	utg2018:13610-336860
utg20197	3	8	14	function_dark_no_current_annotation	utg20197:13419-114593
utg2024	13	32	64	function_dark_no_current_annotation	utg2024:20837-586286
utg203	13	150	321	function_dark_no_current_annotation	utg203:9386-1352935
utg2045	2	17	32	function_dark_no_current_annotation	utg2045:13875-150967
utg20635	1	2	2	function_dark_no_current_annotation	utg20635:152360-153381
utg20678	4	24	48	function_dark_no_current_annotation	utg20678:1586-148554
utg20679	1	8	14	function_dark_no_current_annotation	utg20679:9081-65203
utg207	17	147	360	function_dark_no_current_annotation	utg207:9719-1563816
utg2070	2	13	36	function_dark_no_current_annotation	utg2070:8662-108911
utg2071	13	90	195	function_dark_no_current_annotation	utg2071:8659-766485
utg2073	11	59	131	function_dark_no_current_annotation	utg2073:452-492069
utg20736	1	17	42	function_dark_no_current_annotation	utg20736:3535-93447
utg20788	2	10	18	function_dark_no_current_annotation	utg20788:692-116463
utg20813	9	28	54	function_dark_no_current_annotation	utg20813:13138-250391
utg2083	7	74	194	function_dark_no_current_annotation	utg2083:1672-630165
utg209	6	68	137	function_dark_no_current_annotation	utg209:54-536765
utg209609	1	7	12	function_dark_no_current_annotation	utg209609:8816-25888
utg2097	4	37	72	function_dark_no_current_annotation	utg2097:6517-305265
utg2099	9	84	226	function_dark_no_current_annotation	utg2099:7578-582234
utg2100	7	52	114	function_dark_no_current_annotation	utg2100:1470-466679
utg2108	2	51	110	function_dark_no_current_annotation	utg2108:2427-390954
utg21085	1	10	18	function_dark_no_current_annotation	utg21085:4302-24986
utg2110	1	9	16	function_dark_no_current_annotation	utg2110:150-57116
utg2115	2	38	79	function_dark_no_current_annotation	utg2115:2163-296033
utg21228	2	30	62	function_dark_no_current_annotation	utg21228:1150-196502
utg2123	5	49	107	function_dark_no_current_annotation	utg2123:647-560515
utg2129	12	210	517	function_dark_no_current_annotation	utg2129:123-1764365
utg213	2	26	54	function_dark_no_current_annotation	utg213:6746-277074
utg214	10	77	170	function_dark_no_current_annotation	utg214:258-727955
utg2155	3	11	24	function_dark_no_current_annotation	utg2155:19101-156237
utg2156	4	48	125	function_dark_no_current_annotation	utg2156:4092-512123
utg21580	1	2	2	function_dark_no_current_annotation	utg21580:43363-43983
utg2159	6	47	101	function_dark_no_current_annotation	utg2159:9111-487820
utg216	1	23	53	function_dark_no_current_annotation	utg216:481-225653
utg217	7	57	158	function_dark_no_current_annotation	utg217:4477-419858
utg21766	1	43	99	function_dark_no_current_annotation	utg21766:1169-292130
utg2185	1	2	2	function_dark_no_current_annotation	utg2185:74985-77602
utg21873	2	24	46	function_dark_no_current_annotation	utg21873:3394-112884
utg219	9	81	162	function_dark_no_current_annotation	utg219:1424-595249
utg2196	1	7	12	function_dark_no_current_annotation	utg2196:2384-32087
utg21977	3	10	21	function_dark_no_current_annotation	utg21977:1562-48764
utg21979	1	2	2	function_dark_no_current_annotation	utg21979:14517-35242
utg2200	8	51	106	function_dark_no_current_annotation	utg2200:16100-612236
utg2201	2	14	37	function_dark_no_current_annotation	utg2201:229-75495
utg2205	6	26	73	function_dark_no_current_annotation	utg2205:7482-207415
utg221	7	45	90	function_dark_no_current_annotation	utg221:23196-426448
utg2216	4	51	133	function_dark_no_current_annotation	utg2216:582-516840
utg2246	8	109	272	function_dark_no_current_annotation	utg2246:1433-948728
utg225	21	137	326	function_dark_no_current_annotation	utg225:1631-1081762
utg2255	1	31	60	function_dark_no_current_annotation	utg2255:24631-207677
utg22559	1	10	18	function_dark_no_current_annotation	utg22559:461-75730
utg22669	1	7	16	function_dark_no_current_annotation	utg22669:3214-43702
utg2269	13	55	108	function_dark_no_current_annotation	utg2269:8571-248748
utg22693	1	31	68	function_dark_no_current_annotation	utg22693:664-240752
utg22722	1	14	28	function_dark_no_current_annotation	utg22722:487-71804
utg22736	1	9	16	function_dark_no_current_annotation	utg22736:11691-29904
utg2274	1	15	28	function_dark_no_current_annotation	utg2274:2313-106284
utg2279	2	28	58	function_dark_no_current_annotation	utg2279:692-250393
utg2291	7	44	97	function_dark_no_current_annotation	utg2291:12936-577595
utg2298	2	48	110	function_dark_no_current_annotation	utg2298:8807-351610
utg2299	3	22	42	function_dark_no_current_annotation	utg2299:11446-153535
utg2303	6	65	174	function_dark_no_current_annotation	utg2303:2674-591470
utg23030	1	6	12	function_dark_no_current_annotation	utg23030:3750-72613
utg23189	2	20	38	function_dark_no_current_annotation	utg23189:3642-109954
utg2323	1	11	26	function_dark_no_current_annotation	utg2323:506-110287
utg2327	3	40	85	function_dark_no_current_annotation	utg2327:12821-295520
utg23296	1	5	8	function_dark_no_current_annotation	utg23296:4401-29095
utg2338	5	24	58	function_dark_no_current_annotation	utg2338:28810-294961
utg234	11	147	359	function_dark_no_current_annotation	utg234:1487-1353165
utg2343	5	6	10	function_dark_no_current_annotation	utg2343:13280-62899
utg2350	2	39	87	function_dark_no_current_annotation	utg2350:12805-442669
utg2353	3	52	113	function_dark_no_current_annotation	utg2353:1630-330758
utg2356	5	38	74	function_dark_no_current_annotation	utg2356:212-207322
utg23582	1	3	4	function_dark_no_current_annotation	utg23582:8738-32871
utg236	5	63	159	function_dark_no_current_annotation	utg236:4190-662444
utg2367	2	33	72	function_dark_no_current_annotation	utg2367:6668-284957
utg237	5	37	74	function_dark_no_current_annotation	utg237:8724-390437
utg23708	3	16	30	function_dark_no_current_annotation	utg23708:175-49203
utg2371	4	77	156	function_dark_no_current_annotation	utg2371:1651-449095
utg2379	5	29	56	function_dark_no_current_annotation	utg2379:7165-353183
utg23803	4	13	24	function_dark_no_current_annotation	utg23803:24975-76718
utg24075	2	12	22	function_dark_no_current_annotation	utg24075:5671-100243
utg2417	1	50	147	function_dark_no_current_annotation	utg2417:3155-435135
utg2426	2	43	86	function_dark_no_current_annotation	utg2426:2978-396675
utg2427	4	27	54	function_dark_no_current_annotation	utg2427:8456-261291
utg2428	2	40	107	function_dark_no_current_annotation	utg2428:883-318576
utg243	15	100	260	function_dark_no_current_annotation	utg243:2526-852924
utg2433	2	3	4	function_dark_no_current_annotation	utg2433:15039-90923
utg24438	3	24	48	function_dark_no_current_annotation	utg24438:3942-177131
utg245	13	86	214	function_dark_no_current_annotation	utg245:397-846669
utg24611	1	14	26	function_dark_no_current_annotation	utg24611:4695-64513
utg24645	1	5	8	function_dark_no_current_annotation	utg24645:2273-21105
utg24706	2	30	62	function_dark_no_current_annotation	utg24706:2819-182102
utg24783	1	17	32	function_dark_no_current_annotation	utg24783:7594-110351
utg2483	1	61	128	function_dark_no_current_annotation	utg2483:2057-442271
utg2487	9	63	168	function_dark_no_current_annotation	utg2487:10970-584480
utg24929	4	22	42	function_dark_no_current_annotation	utg24929:4558-154903
utg25070	1	7	12	function_dark_no_current_annotation	utg25070:3733-67521
utg25103	2	5	8	function_dark_no_current_annotation	utg25103:5607-62871
utg25155	1	11	20	function_dark_no_current_annotation	utg25155:8301-120217
utg2521	1	21	48	function_dark_no_current_annotation	utg2521:10993-270174
utg2526	5	31	63	function_dark_no_current_annotation	utg2526:9001-302987
utg25265	1	11	20	function_dark_no_current_annotation	utg25265:13661-108185
utg2529	6	34	74	function_dark_no_current_annotation	utg2529:1870-269191
utg25311	2	8	14	function_dark_no_current_annotation	utg25311:9472-39346
utg25321	5	29	56	function_dark_no_current_annotation	utg25321:8642-188621
utg25450	2	14	26	function_dark_no_current_annotation	utg25450:31175-122273
utg255	6	46	104	function_dark_no_current_annotation	utg255:396-516863
utg256	1	41	124	function_dark_no_current_annotation	utg256:78-287297
utg25769	2	7	12	function_dark_no_current_annotation	utg25769:23209-72263
utg2581	1	19	36	function_dark_no_current_annotation	utg2581:12198-155622
utg25826	1	26	56	function_dark_no_current_annotation	utg25826:673-275452
utg2585	1	11	20	function_dark_no_current_annotation	utg2585:1264-119870
utg25859	1	2	2	function_dark_no_current_annotation	utg25859:43021-44621
utg25862	1	8	14	function_dark_no_current_annotation	utg25862:3847-50058
utg259	4	53	114	function_dark_no_current_annotation	utg259:17376-410859
utg2599	4	37	72	function_dark_no_current_annotation	utg2599:4349-240745
utg2600	7	38	86	function_dark_no_current_annotation	utg2600:2978-249919
utg2601	6	96	194	function_dark_no_current_annotation	utg2601:6216-656623
utg2603	2	47	107	function_dark_no_current_annotation	utg2603:8676-470735
utg2606	3	50	127	function_dark_no_current_annotation	utg2606:8715-461514
utg26084	1	2	2	function_dark_no_current_annotation	utg26084:42472-42788
utg26120	2	32	66	function_dark_no_current_annotation	utg26120:830-156864
utg2614	3	47	94	function_dark_no_current_annotation	utg2614:15782-581079
utg262	9	91	192	function_dark_no_current_annotation	utg262:3028-573342
utg26219	3	19	36	function_dark_no_current_annotation	utg26219:712-116480
utg26337	1	8	14	function_dark_no_current_annotation	utg26337:3307-107845
utg26474	1	2	2	function_dark_no_current_annotation	utg26474:9685-9922
utg26572	1	11	20	function_dark_no_current_annotation	utg26572:1722-62741
utg2661	1	2	2	function_dark_no_current_annotation	utg2661:81510-81819
utg2667	1	2	2	function_dark_no_current_annotation	utg2667:66028-66727
utg26697	2	11	22	function_dark_no_current_annotation	utg26697:707-109369
utg2672	2	12	22	function_dark_no_current_annotation	utg2672:9540-70118
utg2674	4	46	90	function_dark_no_current_annotation	utg2674:978-329936
utg268	7	32	75	function_dark_no_current_annotation	utg268:2484-279714
utg2682	3	25	54	function_dark_no_current_annotation	utg2682:3408-111772
utg2690	2	39	76	function_dark_no_current_annotation	utg2690:5251-197808
utg2698	1	6	15	function_dark_no_current_annotation	utg2698:11233-86836
utg27	8	147	350	function_dark_no_current_annotation	utg27:12025-1145450
utg2704	4	50	126	function_dark_no_current_annotation	utg2704:2211-458640
utg2713	1	7	12	function_dark_no_current_annotation	utg2713:32726-105877
utg2716	2	22	49	function_dark_no_current_annotation	utg2716:817-140658
utg27202	3	15	28	function_dark_no_current_annotation	utg27202:26156-67453
utg27299	1	7	14	function_dark_no_current_annotation	utg27299:15662-36120
utg27318	5	23	44	function_dark_no_current_annotation	utg27318:3360-88975
utg2733	5	21	41	function_dark_no_current_annotation	utg2733:13904-77568
utg27568	2	18	34	function_dark_no_current_annotation	utg27568:2589-67200
utg2757	7	82	174	function_dark_no_current_annotation	utg2757:3822-790983
utg276	8	57	132	function_dark_no_current_annotation	utg276:6753-552999
utg27676	1	6	10	function_dark_no_current_annotation	utg27676:13219-33369
utg2779	4	19	36	function_dark_no_current_annotation	utg2779:1432-140524
utg279	6	67	157	function_dark_no_current_annotation	utg279:1024-596376
utg2798	4	67	160	function_dark_no_current_annotation	utg2798:5113-540818
utg27988	1	13	28	function_dark_no_current_annotation	utg27988:326-129291
utg280	5	86	193	function_dark_no_current_annotation	utg280:3658-551104
utg2801	3	63	128	function_dark_no_current_annotation	utg2801:8235-502733
utg28015	2	6	14	function_dark_no_current_annotation	utg28015:9414-62110
utg28028	1	6	16	function_dark_no_current_annotation	utg28028:7242-41674
utg28077	4	13	24	function_dark_no_current_annotation	utg28077:382-42426
utg2814	2	40	84	function_dark_no_current_annotation	utg2814:5424-257285
utg2817	1	40	78	function_dark_no_current_annotation	utg2817:3298-288555
utg2818	11	96	198	function_dark_no_current_annotation	utg2818:1704-890551
utg28209	6	16	30	function_dark_no_current_annotation	utg28209:631-52607
utg2838	2	38	78	function_dark_no_current_annotation	utg2838:333-316294
utg2849	2	32	66	function_dark_no_current_annotation	utg2849:41445-468391
utg2858	1	42	97	function_dark_no_current_annotation	utg2858:220-331675
utg286	4	33	64	function_dark_no_current_annotation	utg286:18822-210709
utg2869	1	12	24	function_dark_no_current_annotation	utg2869:1227-89689
utg28737	1	25	48	function_dark_no_current_annotation	utg28737:12310-207315
utg288	1	2	2	function_dark_no_current_annotation	utg288:27491-33793
utg29	4	24	48	function_dark_no_current_annotation	utg29:812-173064
utg2901	7	31	60	function_dark_no_current_annotation	utg2901:10516-196595
utg2929	1	27	76	function_dark_no_current_annotation	utg2929:15407-276538
utg293	6	90	210	function_dark_no_current_annotation	utg293:3191-702650
utg2932	6	47	97	function_dark_no_current_annotation	utg2932:455-373046
utg29536	2	18	34	function_dark_no_current_annotation	utg29536:8040-100708
utg2967	9	47	104	function_dark_no_current_annotation	utg2967:11154-272871
utg2969	5	75	152	function_dark_no_current_annotation	utg2969:5847-535351
utg29733	4	13	24	function_dark_no_current_annotation	utg29733:2480-199985
utg298	19	113	242	function_dark_no_current_annotation	utg298:1700-659508
utg2994	6	109	258	function_dark_no_current_annotation	utg2994:448-850385
utg300	3	75	162	function_dark_no_current_annotation	utg300:700-564406
utg30049	2	17	32	function_dark_no_current_annotation	utg30049:2029-110282
utg301	11	167	432	function_dark_no_current_annotation	utg301:1737-1451500
utg3013	2	60	145	function_dark_no_current_annotation	utg3013:12045-613548
utg3019	15	71	177	function_dark_no_current_annotation	utg3019:1556-614371
utg302	3	53	123	function_dark_no_current_annotation	utg302:17-516219
utg3022	4	23	44	function_dark_no_current_annotation	utg3022:17104-136063
utg30399	2	10	18	function_dark_no_current_annotation	utg30399:3359-52203
utg3041	6	54	108	function_dark_no_current_annotation	utg3041:9901-603010
utg30470	2	5	8	function_dark_no_current_annotation	utg30470:9610-38198
utg30548	6	20	38	function_dark_no_current_annotation	utg30548:1431-110116
utg30575	2	9	21	function_dark_no_current_annotation	utg30575:6270-92008
utg307	2	3	4	function_dark_no_current_annotation	utg307:5262-235683
utg309	3	46	107	function_dark_no_current_annotation	utg309:293-294815
utg3090	14	49	96	function_dark_no_current_annotation	utg3090:1782-372818
utg3092	1	71	144	function_dark_no_current_annotation	utg3092:4500-583921
utg3093	2	17	35	function_dark_no_current_annotation	utg3093:6532-217973
utg31	10	93	187	function_dark_no_current_annotation	utg31:6775-447494
utg31256	1	2	2	function_dark_no_current_annotation	utg31256:84961-101335
utg31272	1	2	2	function_dark_no_current_annotation	utg31272:7534-20657
utg31304	2	17	35	function_dark_no_current_annotation	utg31304:1333-88246
utg31363	2	29	58	function_dark_no_current_annotation	utg31363:3646-136745
utg31428	2	3	4	function_dark_no_current_annotation	utg31428:5748-26421
utg31532	3	9	16	function_dark_no_current_annotation	utg31532:3879-81317
utg3155	5	50	98	function_dark_no_current_annotation	utg3155:83-361338
utg3158	6	83	168	function_dark_no_current_annotation	utg3158:596-631701
utg3159	2	16	32	function_dark_no_current_annotation	utg3159:7331-195656
utg3164	12	74	161	function_dark_no_current_annotation	utg3164:10365-816908
utg3169	1	16	30	function_dark_no_current_annotation	utg3169:2000-102942
utg3174	3	57	136	function_dark_no_current_annotation	utg3174:1897-420775
utg3178	2	9	16	function_dark_no_current_annotation	utg3178:9519-80459
utg31822	1	6	10	function_dark_no_current_annotation	utg31822:5029-69129
utg31945	6	21	40	function_dark_no_current_annotation	utg31945:9484-90119
utg3197	5	33	72	function_dark_no_current_annotation	utg3197:6217-509153
utg3199	12	65	128	function_dark_no_current_annotation	utg3199:6588-453599
utg320	7	160	432	function_dark_no_current_annotation	utg320:14617-1557491
utg3201	2	60	135	function_dark_no_current_annotation	utg3201:656-435759
utg32055	1	9	16	function_dark_no_current_annotation	utg32055:11349-70435
utg3210	4	41	84	function_dark_no_current_annotation	utg3210:6460-373292
utg3211	3	15	28	function_dark_no_current_annotation	utg3211:1348-84335
utg3220	1	10	19	function_dark_no_current_annotation	utg3220:17985-90254
utg3222	3	15	28	function_dark_no_current_annotation	utg3222:5176-90663
utg32260	1	2	2	function_dark_no_current_annotation	utg32260:5774-7683
utg32320	2	7	19	function_dark_no_current_annotation	utg32320:4608-66619
utg3235	3	27	81	function_dark_no_current_annotation	utg3235:945-284503
utg324	31	223	565	function_dark_no_current_annotation	utg324:51-2176775
utg32484	1	7	12	function_dark_no_current_annotation	utg32484:5124-65001
utg3260	4	41	117	function_dark_no_current_annotation	utg3260:23063-445945
utg3284	7	77	193	function_dark_no_current_annotation	utg3284:12721-607936
utg32914	1	10	20	function_dark_no_current_annotation	utg32914:23216-97566
utg3292	6	45	88	function_dark_no_current_annotation	utg3292:2285-242478
utg3295	1	20	38	function_dark_no_current_annotation	utg3295:13901-160455
utg32989	1	6	10	function_dark_no_current_annotation	utg32989:4355-39476
utg33038	2	7	12	function_dark_no_current_annotation	utg33038:1521-75787
utg33128	3	9	16	function_dark_no_current_annotation	utg33128:307-54485
utg332	3	11	20	function_dark_no_current_annotation	utg332:9041-46384
utg33235	1	6	10	function_dark_no_current_annotation	utg33235:13115-70222
utg3329	4	42	103	function_dark_no_current_annotation	utg3329:501-277524
utg33385	1	4	6	function_dark_no_current_annotation	utg33385:17491-29090
utg3339	3	28	54	function_dark_no_current_annotation	utg3339:264-205327
utg334	14	87	172	function_dark_no_current_annotation	utg334:2808-637204
utg33589	1	8	16	function_dark_no_current_annotation	utg33589:9337-59804
utg33682	2	21	40	function_dark_no_current_annotation	utg33682:580-99869
utg33757	2	34	66	function_dark_no_current_annotation	utg33757:734-56761
utg338	6	101	268	function_dark_no_current_annotation	utg338:5209-744346
utg3380	3	40	82	function_dark_no_current_annotation	utg3380:863-247478
utg33828	1	10	18	function_dark_no_current_annotation	utg33828:2135-121530
utg33938	3	45	92	function_dark_no_current_annotation	utg33938:415-228339
utg34	2	22	49	function_dark_no_current_annotation	utg34:24794-294935
utg3403	3	24	46	function_dark_no_current_annotation	utg3403:12490-309939
utg3409	2	27	59	function_dark_no_current_annotation	utg3409:3187-186203
utg34096	3	15	28	function_dark_no_current_annotation	utg34096:1963-64389
utg34135	2	7	12	function_dark_no_current_annotation	utg34135:2398-60828
utg343339	1	8	14	function_dark_no_current_annotation	utg343339:310-41465
utg3436	2	14	26	function_dark_no_current_annotation	utg3436:1213-132840
utg344	8	97	220	function_dark_no_current_annotation	utg344:3718-763223
utg3443	12	71	158	function_dark_no_current_annotation	utg3443:1218-618164
utg3447	2	29	56	function_dark_no_current_annotation	utg3447:27178-164449
utg34491	1	2	2	function_dark_no_current_annotation	utg34491:89048-92824
utg3452	1	20	40	function_dark_no_current_annotation	utg3452:284-221795
utg34572	1	7	12	function_dark_no_current_annotation	utg34572:707-44181
utg34597	1	19	40	function_dark_no_current_annotation	utg34597:1164-136320
utg3467	5	17	32	function_dark_no_current_annotation	utg3467:1470-157653
utg34691	5	21	48	function_dark_no_current_annotation	utg34691:261-126140
utg347	2	23	46	function_dark_no_current_annotation	utg347:12869-170557
utg3470	1	22	44	function_dark_no_current_annotation	utg3470:11667-207992
utg3474	6	33	70	function_dark_no_current_annotation	utg3474:723-527057
utg348	4	19	40	function_dark_no_current_annotation	utg348:2543-128321
utg3487	4	35	72	function_dark_no_current_annotation	utg3487:366-388287
utg349	1	9	18	function_dark_no_current_annotation	utg349:216-52852
utg34917	1	2	2	function_dark_no_current_annotation	utg34917:12588-16206
utg3499	1	11	20	function_dark_no_current_annotation	utg3499:17712-81394
utg35	3	28	60	function_dark_no_current_annotation	utg35:972-197857
utg351	1	2	2	function_dark_no_current_annotation	utg351:224620-225687
utg35117	1	6	10	function_dark_no_current_annotation	utg35117:61-20894
utg3522	3	87	224	function_dark_no_current_annotation	utg3522:1004-867124
utg3536	2	27	60	function_dark_no_current_annotation	utg3536:828-196310
utg3550	2	22	42	function_dark_no_current_annotation	utg3550:4860-134258
utg35510	1	4	8	function_dark_no_current_annotation	utg35510:2805-42528
utg3553	3	34	72	function_dark_no_current_annotation	utg3553:1237-200572
utg356	7	169	426	function_dark_no_current_annotation	utg356:12552-1169653
utg35893	1	6	10	function_dark_no_current_annotation	utg35893:23726-74415
utg359	4	40	83	function_dark_no_current_annotation	utg359:8466-342429
utg35997	1	9	16	function_dark_no_current_annotation	utg35997:1099-35685
utg36040	1	4	8	function_dark_no_current_annotation	utg36040:19585-49407
utg3605	5	55	108	function_dark_no_current_annotation	utg3605:10-306249
utg36089	1	13	24	function_dark_no_current_annotation	utg36089:426-43145
utg3609	1	25	54	function_dark_no_current_annotation	utg3609:863-214767
utg3622	4	32	62	function_dark_no_current_annotation	utg3622:906-209413
utg363	1	9	16	function_dark_no_current_annotation	utg363:1604-105407
utg364	2	70	166	function_dark_no_current_annotation	utg364:140-721989
utg3642	4	19	43	function_dark_no_current_annotation	utg3642:3825-177464
utg36508	2	7	12	function_dark_no_current_annotation	utg36508:10789-29513
utg3669	3	14	26	function_dark_no_current_annotation	utg3669:18621-80384
utg36717	1	21	42	function_dark_no_current_annotation	utg36717:1822-113094
utg3677	5	42	94	function_dark_no_current_annotation	utg3677:18947-369355
utg3678	1	5	12	function_dark_no_current_annotation	utg3678:6219-41946
utg3697	1	10	19	function_dark_no_current_annotation	utg3697:2370-76949
utg36986	1	2	2	function_dark_no_current_annotation	utg36986:109383-119803
utg370	8	101	212	function_dark_no_current_annotation	utg370:2769-705307
utg372	8	53	132	function_dark_no_current_annotation	utg372:9734-519293
utg375	2	5	12	function_dark_no_current_annotation	utg375:17701-72122
utg3753	5	65	135	function_dark_no_current_annotation	utg3753:1881-798264
utg376	11	76	176	function_dark_no_current_annotation	utg376:13702-764357
utg3761	3	34	70	function_dark_no_current_annotation	utg3761:8678-198003
utg377	1	40	86	function_dark_no_current_annotation	utg377:3393-304494
utg378	6	192	485	function_dark_no_current_annotation	utg378:227-1608804
utg3787	3	52	146	function_dark_no_current_annotation	utg3787:3587-348312
utg379	12	105	265	function_dark_no_current_annotation	utg379:2-968383
utg3797	1	35	74	function_dark_no_current_annotation	utg3797:736-434377
utg3799	1	24	46	function_dark_no_current_annotation	utg3799:1800-133141
utg3800	1	3	4	function_dark_no_current_annotation	utg3800:19646-22177
utg3803	1	12	24	function_dark_no_current_annotation	utg3803:13867-98055
utg38078	2	17	32	function_dark_no_current_annotation	utg38078:3218-63452
utg381	5	82	211	function_dark_no_current_annotation	utg381:1751-831763
utg38114	5	21	40	function_dark_no_current_annotation	utg38114:10002-113959
utg382	10	59	156	function_dark_no_current_annotation	utg382:2205-473652
utg38230	1	5	8	function_dark_no_current_annotation	utg38230:588-46151
utg3827	3	43	97	function_dark_no_current_annotation	utg3827:1503-397133
utg3834	3	27	66	function_dark_no_current_annotation	utg3834:5707-345131
utg3839	10	117	267	function_dark_no_current_annotation	utg3839:1096-1022495
utg386	3	54	124	function_dark_no_current_annotation	utg386:4350-288908
utg3870	4	38	74	function_dark_no_current_annotation	utg3870:26268-191398
utg3871	1	16	39	function_dark_no_current_annotation	utg3871:8-185171
utg3872	6	86	204	function_dark_no_current_annotation	utg3872:1160-664544
utg3876	6	55	110	function_dark_no_current_annotation	utg3876:1716-379044
utg3878	4	51	114	function_dark_no_current_annotation	utg3878:30299-481214
utg388	4	20	38	function_dark_no_current_annotation	utg388:1085-173944
utg3884	5	60	159	function_dark_no_current_annotation	utg3884:2466-500944
utg389	8	108	248	function_dark_no_current_annotation	utg389:13404-1076332
utg3891	3	26	56	function_dark_no_current_annotation	utg3891:23223-193881
utg38965	1	4	6	function_dark_no_current_annotation	utg38965:17863-29497
utg3899	2	35	79	function_dark_no_current_annotation	utg3899:802-266470
utg3906	5	27	71	function_dark_no_current_annotation	utg3906:6425-287245
utg3913	5	55	108	function_dark_no_current_annotation	utg3913:254-317387
utg395	10	68	134	function_dark_no_current_annotation	utg395:16283-432630
utg39725	1	2	2	function_dark_no_current_annotation	utg39725:11438-12220
utg3980	2	21	42	function_dark_no_current_annotation	utg3980:4465-182998
utg3986	3	25	48	function_dark_no_current_annotation	utg3986:22550-148090
utg39996	1	6	10	function_dark_no_current_annotation	utg39996:1243-36156
utg4	9	88	192	function_dark_no_current_annotation	utg4:16926-887770
utg401	9	87	213	function_dark_no_current_annotation	utg401:1545-803936
utg402	3	36	75	function_dark_no_current_annotation	utg402:1719-233876
utg40335	3	9	19	function_dark_no_current_annotation	utg40335:2335-83997
utg4046	3	39	89	function_dark_no_current_annotation	utg4046:319-394250
utg4049	1	16	36	function_dark_no_current_annotation	utg4049:13303-216183
utg405	4	92	202	function_dark_no_current_annotation	utg405:7556-862772
utg4054	2	13	24	function_dark_no_current_annotation	utg4054:11549-122983
utg4062	3	22	52	function_dark_no_current_annotation	utg4062:5767-326542
utg407	1	18	40	function_dark_no_current_annotation	utg407:4179-239675
utg40724	1	9	16	function_dark_no_current_annotation	utg40724:6585-66861
utg4082	6	83	208	function_dark_no_current_annotation	utg4082:2401-644331
utg410	4	19	36	function_dark_no_current_annotation	utg410:17611-210055
utg411	9	150	382	function_dark_no_current_annotation	utg411:11547-1351577
utg413	2	56	144	function_dark_no_current_annotation	utg413:340-809758
utg4130	4	15	28	function_dark_no_current_annotation	utg4130:1215-202716
utg41344	1	18	34	function_dark_no_current_annotation	utg41344:6738-84028
utg415	10	145	347	function_dark_no_current_annotation	utg415:1184-1285134
utg4155	6	48	106	function_dark_no_current_annotation	utg4155:15481-385610
utg4157	7	57	139	function_dark_no_current_annotation	utg4157:3531-463980
utg4163	2	13	24	function_dark_no_current_annotation	utg4163:4571-137571
utg417	4	49	102	function_dark_no_current_annotation	utg417:7396-440001
utg4172	3	49	112	function_dark_no_current_annotation	utg4172:6530-333620
utg4177	4	71	178	function_dark_no_current_annotation	utg4177:1484-578852
utg418	7	99	202	function_dark_no_current_annotation	utg418:16075-640247
utg4187	6	58	139	function_dark_no_current_annotation	utg4187:2159-410628
utg4194	19	134	278	function_dark_no_current_annotation	utg4194:18225-1078766
utg420	14	148	372	function_dark_no_current_annotation	utg420:2716-1379957
utg4207	3	30	66	function_dark_no_current_annotation	utg4207:844-239244
utg42119	3	10	18	function_dark_no_current_annotation	utg42119:3430-92085
utg4231	1	7	12	function_dark_no_current_annotation	utg4231:11098-39198
utg42547	2	7	12	function_dark_no_current_annotation	utg42547:368-51706
utg4265	9	23	44	function_dark_no_current_annotation	utg4265:19235-120869
utg4271	12	91	194	function_dark_no_current_annotation	utg4271:2406-926941
utg4273	1	18	46	function_dark_no_current_annotation	utg4273:3892-214277
utg4290	1	41	84	function_dark_no_current_annotation	utg4290:4537-304812
utg42902	2	4	6	function_dark_no_current_annotation	utg42902:8066-45799
utg431	2	51	133	function_dark_no_current_annotation	utg431:29827-401854
utg43115	3	17	32	function_dark_no_current_annotation	utg43115:9926-52691
utg4318	2	36	74	function_dark_no_current_annotation	utg4318:1610-267927
utg432	5	155	400	function_dark_no_current_annotation	utg432:1938-1241978
utg4321	2	11	20	function_dark_no_current_annotation	utg4321:20627-164875
utg4326	2	45	108	function_dark_no_current_annotation	utg4326:11127-350547
utg4328	4	12	22	function_dark_no_current_annotation	utg4328:1792-63662
utg4341	1	7	12	function_dark_no_current_annotation	utg4341:9057-113346
utg43451	3	39	76	function_dark_no_current_annotation	utg43451:1958-240874
utg435	12	92	235	function_dark_no_current_annotation	utg435:7690-563706
utg4351	1	6	12	function_dark_no_current_annotation	utg4351:1607-45300
utg436	6	52	104	function_dark_no_current_annotation	utg436:16345-308281
utg438	2	30	71	function_dark_no_current_annotation	utg438:1188-364345
utg4383	3	32	64	function_dark_no_current_annotation	utg4383:7792-288776
utg439	3	55	155	function_dark_no_current_annotation	utg439:3598-558991
utg4398	8	22	42	function_dark_no_current_annotation	utg4398:3479-163668
utg441	6	47	98	function_dark_no_current_annotation	utg441:228-257352
utg4428	14	25	48	function_dark_no_current_annotation	utg4428:1460-94844
utg44408	1	11	24	function_dark_no_current_annotation	utg44408:1481-88236
utg4451	3	24	46	function_dark_no_current_annotation	utg4451:1839-243431
utg4455	7	91	210	function_dark_no_current_annotation	utg4455:391-809130
utg4464	1	32	64	function_dark_no_current_annotation	utg4464:2230-215492
utg4468	3	39	88	function_dark_no_current_annotation	utg4468:4954-403620
utg44757	1	2	2	function_dark_no_current_annotation	utg44757:16505-17398
utg4501	1	21	44	function_dark_no_current_annotation	utg4501:2155-162684
utg4502	2	16	32	function_dark_no_current_annotation	utg4502:3355-134121
utg45299	4	17	36	function_dark_no_current_annotation	utg45299:6315-96340
utg45405	2	12	26	function_dark_no_current_annotation	utg45405:14338-86385
utg45540	2	10	20	function_dark_no_current_annotation	utg45540:1085-83229
utg456	10	66	177	function_dark_no_current_annotation	utg456:826-879361
utg4567	4	38	82	function_dark_no_current_annotation	utg4567:8938-290393
utg4576	2	47	99	function_dark_no_current_annotation	utg4576:884-395360
utg45865	1	9	19	function_dark_no_current_annotation	utg45865:211-37581
utg4593	1	15	28	function_dark_no_current_annotation	utg4593:7866-94676
utg4604	2	24	46	function_dark_no_current_annotation	utg4604:1077-143804
utg4605	6	74	176	function_dark_no_current_annotation	utg4605:1719-855046
utg4607	1	38	90	function_dark_no_current_annotation	utg4607:1858-335309
utg4610	7	46	106	function_dark_no_current_annotation	utg4610:7597-350363
utg4613	11	100	198	function_dark_no_current_annotation	utg4613:28032-598105
utg4614	2	3	4	function_dark_no_current_annotation	utg4614:12656-28668
utg463	4	10	18	function_dark_no_current_annotation	utg463:4920-89942
utg464	29	227	461	function_dark_no_current_annotation	utg464:20766-1542052
utg4652	6	27	52	function_dark_no_current_annotation	utg4652:1015-164299
utg4661	1	19	36	function_dark_no_current_annotation	utg4661:10765-193431
utg4665	4	31	67	function_dark_no_current_annotation	utg4665:6513-261122
utg467	1	2	2	function_dark_no_current_annotation	utg467:6070-8844
utg469	2	11	22	function_dark_no_current_annotation	utg469:551-67445
utg4695	7	93	184	function_dark_no_current_annotation	utg4695:6941-490040
utg47	2	38	91	function_dark_no_current_annotation	utg47:3351-283797
utg470	9	96	242	function_dark_no_current_annotation	utg470:5793-882587
utg4709	2	35	72	function_dark_no_current_annotation	utg4709:8021-262180
utg4716	12	47	92	function_dark_no_current_annotation	utg4716:2259-234033
utg47361	1	4	6	function_dark_no_current_annotation	utg47361:7712-25236
utg4737	3	31	66	function_dark_no_current_annotation	utg4737:18523-297996
utg4739	5	25	52	function_dark_no_current_annotation	utg4739:18613-213626
utg477	1	37	82	function_dark_no_current_annotation	utg477:829-340875
utg479	20	193	514	function_dark_no_current_annotation	utg479:1832-1914711
utg4796	4	33	64	function_dark_no_current_annotation	utg4796:491-385246
utg48	5	62	152	function_dark_no_current_annotation	utg48:240-644499
utg4805	2	18	34	function_dark_no_current_annotation	utg4805:8201-68486
utg483	8	58	140	function_dark_no_current_annotation	utg483:5734-778989
utg48491	2	13	24	function_dark_no_current_annotation	utg48491:1100-111440
utg4856	2	46	101	function_dark_no_current_annotation	utg4856:2056-446604
utg4872	3	33	64	function_dark_no_current_annotation	utg4872:1552-336121
utg4879	10	48	94	function_dark_no_current_annotation	utg4879:11662-292167
utg48808	3	13	24	function_dark_no_current_annotation	utg48808:5270-104798
utg4886	3	63	172	function_dark_no_current_annotation	utg4886:13052-452642
utg4898	2	27	52	function_dark_no_current_annotation	utg4898:858-253981
utg49	2	18	36	function_dark_no_current_annotation	utg49:1314-139757
utg4901	1	20	44	function_dark_no_current_annotation	utg4901:4289-156669
utg49040	2	6	10	function_dark_no_current_annotation	utg49040:7746-27304
utg4907	2	77	195	function_dark_no_current_annotation	utg4907:1153-726215
utg4922	3	47	95	function_dark_no_current_annotation	utg4922:3427-395230
utg494	7	39	76	function_dark_no_current_annotation	utg494:6871-302900
utg496	4	32	121	function_dark_no_current_annotation	utg496:1681-400235
utg4972	4	44	98	function_dark_no_current_annotation	utg4972:14516-434780
utg4977	7	12	22	function_dark_no_current_annotation	utg4977:3616-79726
utg498	8	200	499	function_dark_no_current_annotation	utg498:7663-1721907
utg5	5	75	154	function_dark_no_current_annotation	utg5:3189-447034
utg501	6	32	77	function_dark_no_current_annotation	utg501:459-506529
utg5033	6	43	88	function_dark_no_current_annotation	utg5033:12716-403033
utg505	9	76	158	function_dark_no_current_annotation	utg505:9879-726770
utg5059	5	77	188	function_dark_no_current_annotation	utg5059:1919-655261
utg5066	2	17	32	function_dark_no_current_annotation	utg5066:1421-76624
utg5068	1	11	20	function_dark_no_current_annotation	utg5068:801-59130
utg5073	2	53	160	function_dark_no_current_annotation	utg5073:895-514813
utg5074	2	24	49	function_dark_no_current_annotation	utg5074:1693-306944
utg5087	1	2	2	function_dark_no_current_annotation	utg5087:93295-93851
utg512	8	86	180	function_dark_no_current_annotation	utg512:1602-682181
utg5122	3	16	30	function_dark_no_current_annotation	utg5122:237-108089
utg514	1	18	36	function_dark_no_current_annotation	utg514:4596-184015
utg5157	2	20	38	function_dark_no_current_annotation	utg5157:4598-87084
utg5184	2	6	10	function_dark_no_current_annotation	utg5184:1405-42081
utg52	16	147	343	function_dark_no_current_annotation	utg52:4231-1271835
utg5217	4	11	20	function_dark_no_current_annotation	utg5217:70-190522
utg522	4	51	125	function_dark_no_current_annotation	utg522:17378-404634
utg52295	1	4	6	function_dark_no_current_annotation	utg52295:18896-26399
utg5246	3	49	98	function_dark_no_current_annotation	utg5246:8620-289668
utg5290	2	49	118	function_dark_no_current_annotation	utg5290:13786-533345
utg5294	7	61	120	function_dark_no_current_annotation	utg5294:21177-571483
utg530	2	25	58	function_dark_no_current_annotation	utg530:2867-278773
utg53173	1	6	20	function_dark_no_current_annotation	utg53173:1160-60379
utg532	2	23	46	function_dark_no_current_annotation	utg532:28745-213439
utg53212	1	6	10	function_dark_no_current_annotation	utg53212:78-40792
utg535	7	39	111	function_dark_no_current_annotation	utg535:12977-311226
utg536	10	99	208	function_dark_no_current_annotation	utg536:11317-926152
utg5367	3	40	94	function_dark_no_current_annotation	utg5367:6250-399720
utg5370	3	46	98	function_dark_no_current_annotation	utg5370:27-434790
utg5390	5	72	167	function_dark_no_current_annotation	utg5390:3846-622555
utg54	6	52	122	function_dark_no_current_annotation	utg54:1441-391260
utg540	12	72	147	function_dark_no_current_annotation	utg540:5226-589337
utg5414	10	41	86	function_dark_no_current_annotation	utg5414:17025-367327
utg542	23	108	216	function_dark_no_current_annotation	utg542:57934-685302
utg5421	1	19	36	function_dark_no_current_annotation	utg5421:3358-144705
utg54229	1	2	2	function_dark_no_current_annotation	utg54229:17041-17741
utg544	2	3	4	function_dark_no_current_annotation	utg544:168997-244431
utg5454	3	23	44	function_dark_no_current_annotation	utg5454:3455-188678
utg54553	2	10	18	function_dark_no_current_annotation	utg54553:1937-34552
utg5456	2	7	12	function_dark_no_current_annotation	utg5456:9977-67698
utg54636	1	9	16	function_dark_no_current_annotation	utg54636:9849-62625
utg549	1	25	48	function_dark_no_current_annotation	utg549:12247-174540
utg55	19	224	612	function_dark_no_current_annotation	utg55:289-2641347
utg5513	1	2	2	function_dark_no_current_annotation	utg5513:16209-16525
utg5557	1	15	28	function_dark_no_current_annotation	utg5557:14722-119609
utg55667	1	8	14	function_dark_no_current_annotation	utg55667:8329-40526
utg5578	3	15	32	function_dark_no_current_annotation	utg5578:6038-95431
utg55781	3	7	12	function_dark_no_current_annotation	utg55781:5865-38097
utg559	2	16	30	function_dark_no_current_annotation	utg559:1281-94684
utg56	4	77	179	function_dark_no_current_annotation	utg56:43469-701460
utg560	2	32	74	function_dark_no_current_annotation	utg560:2083-300840
utg56260	2	12	22	function_dark_no_current_annotation	utg56260:12912-86512
utg564	4	98	217	function_dark_no_current_annotation	utg564:1109-821516
utg5652	4	63	154	function_dark_no_current_annotation	utg5652:1347-546705
utg5662	6	27	52	function_dark_no_current_annotation	utg5662:48265-164723
utg567	4	29	56	function_dark_no_current_annotation	utg567:9240-211861
utg5696	1	3	4	function_dark_no_current_annotation	utg5696:8217-25277
utg56960	2	3	4	function_dark_no_current_annotation	utg56960:15645-34761
utg57	1	40	81	function_dark_no_current_annotation	utg57:1899-412785
utg5716	1	2	2	function_dark_no_current_annotation	utg5716:18947-19857
utg572	2	40	78	function_dark_no_current_annotation	utg572:11670-376722
utg577	6	110	307	function_dark_no_current_annotation	utg577:5259-938282
utg5774	1	27	54	function_dark_no_current_annotation	utg5774:9956-236456
utg579	6	116	317	function_dark_no_current_annotation	utg579:6831-1213718
utg580	11	84	207	function_dark_no_current_annotation	utg580:2422-681084
utg5817	2	16	43	function_dark_no_current_annotation	utg5817:5447-137322
utg5854	3	13	34	function_dark_no_current_annotation	utg5854:6246-153400
utg5879	4	24	46	function_dark_no_current_annotation	utg5879:4400-100176
utg5885	6	106	242	function_dark_no_current_annotation	utg5885:748-769337
utg589	9	73	144	function_dark_no_current_annotation	utg589:7544-485895
utg590	1	2	2	function_dark_no_current_annotation	utg590:42942-43875
utg59087	3	8	14	function_dark_no_current_annotation	utg59087:7778-68940
utg59213	1	14	26	function_dark_no_current_annotation	utg59213:662-63474
utg594	7	59	134	function_dark_no_current_annotation	utg594:6435-502981
utg5950	13	115	261	function_dark_no_current_annotation	utg5950:233-805365
utg5960	3	23	44	function_dark_no_current_annotation	utg5960:33349-97798
utg59616	2	8	14	function_dark_no_current_annotation	utg59616:2069-49707
utg597	21	242	648	function_dark_no_current_annotation	utg597:9016-2032399
utg5975	2	30	64	function_dark_no_current_annotation	utg5975:16444-329970
utg5980	1	5	8	function_dark_no_current_annotation	utg5980:17131-28047
utg5985	1	28	78	function_dark_no_current_annotation	utg5985:11339-285494
utg599	4	33	64	function_dark_no_current_annotation	utg599:13539-197012
utg59939	2	9	16	function_dark_no_current_annotation	utg59939:684-47939
utg5996	2	12	24	function_dark_no_current_annotation	utg5996:848-91407
utg600	3	38	97	function_dark_no_current_annotation	utg600:806-329571
utg60048	2	3	4	function_dark_no_current_annotation	utg60048:39883-46201
utg6035	4	20	40	function_dark_no_current_annotation	utg6035:989-192475
utg60619	1	3	4	function_dark_no_current_annotation	utg60619:3003-27889
utg607	3	69	195	function_dark_no_current_annotation	utg607:424-676423
utg6070	5	28	58	function_dark_no_current_annotation	utg6070:18095-172925
utg6072	2	31	65	function_dark_no_current_annotation	utg6072:273-220178
utg6078	6	68	149	function_dark_no_current_annotation	utg6078:6758-478499
utg6092	7	44	86	function_dark_no_current_annotation	utg6092:8092-220443
utg612	2	43	88	function_dark_no_current_annotation	utg612:21162-369181
utg6123	3	32	83	function_dark_no_current_annotation	utg6123:265-388582
utg61244	1	11	25	function_dark_no_current_annotation	utg61244:8542-94564
utg61418	4	18	36	function_dark_no_current_annotation	utg61418:81-67514
utg6155	1	22	42	function_dark_no_current_annotation	utg6155:2761-191552
utg616	11	128	344	function_dark_no_current_annotation	utg616:137-1162876
utg6161	6	10	18	function_dark_no_current_annotation	utg6161:8962-50373
utg6183	4	50	124	function_dark_no_current_annotation	utg6183:1563-337294
utg62	9	166	381	function_dark_no_current_annotation	utg62:850-1507030
utg622	16	173	377	function_dark_no_current_annotation	utg622:1945-1412560
utg6220	1	25	58	function_dark_no_current_annotation	utg6220:14899-192341
utg625	16	131	327	function_dark_no_current_annotation	utg625:2642-1064038
utg6272	1	2	2	function_dark_no_current_annotation	utg6272:110296-113723
utg628	1	10	18	function_dark_no_current_annotation	utg628:16-58009
utg6293	9	35	88	function_dark_no_current_annotation	utg6293:4422-466969
utg62950	2	3	4	function_dark_no_current_annotation	utg62950:36414-37168
utg6334	2	26	52	function_dark_no_current_annotation	utg6334:5170-232044
utg637	4	38	86	function_dark_no_current_annotation	utg637:18465-323040
utg6373	8	30	64	function_dark_no_current_annotation	utg6373:23113-421628
utg6379	3	21	42	function_dark_no_current_annotation	utg6379:14068-289794
utg6392	4	19	48	function_dark_no_current_annotation	utg6392:10650-276521
utg64	4	40	104	function_dark_no_current_annotation	utg64:3800-354774
utg6401	11	69	162	function_dark_no_current_annotation	utg6401:9033-559434
utg6423	6	35	68	function_dark_no_current_annotation	utg6423:873-194393
utg6430	1	8	14	function_dark_no_current_annotation	utg6430:1587-35619
utg6432	4	59	120	function_dark_no_current_annotation	utg6432:225-486831
utg6446	1	16	30	function_dark_no_current_annotation	utg6446:761-104642
utg6459	11	57	130	function_dark_no_current_annotation	utg6459:2069-517496
utg6477	1	34	66	function_dark_no_current_annotation	utg6477:61-220595
utg648	8	99	216	function_dark_no_current_annotation	utg648:3974-799384
utg6504	1	32	64	function_dark_no_current_annotation	utg6504:1971-344348
utg6534	2	20	40	function_dark_no_current_annotation	utg6534:6968-73899
utg6551	1	32	72	function_dark_no_current_annotation	utg6551:3994-368278
utg659	3	52	135	function_dark_no_current_annotation	utg659:549-591565
utg6610	2	14	28	function_dark_no_current_annotation	utg6610:313-137925
utg666	2	42	86	function_dark_no_current_annotation	utg666:301-222110
utg6669	6	35	68	function_dark_no_current_annotation	utg6669:933-205779
utg6677	1	10	18	function_dark_no_current_annotation	utg6677:5610-89884
utg67002	2	6	10	function_dark_no_current_annotation	utg67002:472-19448
utg67486	1	4	6	function_dark_no_current_annotation	utg67486:12701-42052
utg67600	2	5	8	function_dark_no_current_annotation	utg67600:11196-24917
utg6781	3	24	48	function_dark_no_current_annotation	utg6781:3376-188006
utg6792	2	14	26	function_dark_no_current_annotation	utg6792:1993-144968
utg6806	7	39	82	function_dark_no_current_annotation	utg6806:27253-392124
utg6821	3	53	130	function_dark_no_current_annotation	utg6821:1505-592390
utg6829	1	8	14	function_dark_no_current_annotation	utg6829:324-45260
utg6834	1	2	2	function_dark_no_current_annotation	utg6834:321782-322784
utg684	3	38	74	function_dark_no_current_annotation	utg684:1461-262378
utg6843	6	25	57	function_dark_no_current_annotation	utg6843:980-192849
utg6851	3	35	72	function_dark_no_current_annotation	utg6851:13988-282960
utg686	7	86	207	function_dark_no_current_annotation	utg686:10843-764435
utg6875	3	18	34	function_dark_no_current_annotation	utg6875:4995-114724
utg6924	2	36	70	function_dark_no_current_annotation	utg6924:12337-326644
utg693	9	115	260	function_dark_no_current_annotation	utg693:425-1030891
utg6938	3	14	28	function_dark_no_current_annotation	utg6938:6229-87081
utg6949	1	23	46	function_dark_no_current_annotation	utg6949:2177-150881
utg695	8	41	86	function_dark_no_current_annotation	utg695:335-360103
utg6958	1	41	106	function_dark_no_current_annotation	utg6958:2817-493907
utg6959	1	28	62	function_dark_no_current_annotation	utg6959:7529-234501
utg696	6	33	64	function_dark_no_current_annotation	utg696:10916-202538
utg69632	1	2	2	function_dark_no_current_annotation	utg69632:4470-6605
utg6976	1	22	42	function_dark_no_current_annotation	utg6976:516-143128
utg699	6	117	264	function_dark_no_current_annotation	utg699:3302-1141542
utg7	11	97	250	function_dark_no_current_annotation	utg7:2188-704586
utg700	2	35	97	function_dark_no_current_annotation	utg700:10480-339257
utg7008	4	24	54	function_dark_no_current_annotation	utg7008:4685-236934
utg7042	2	23	46	function_dark_no_current_annotation	utg7042:820-211390
utg7048	2	9	16	function_dark_no_current_annotation	utg7048:9496-40100
utg7053	1	5	12	function_dark_no_current_annotation	utg7053:3961-111989
utg70613	3	7	12	function_dark_no_current_annotation	utg70613:2240-53651
utg7066	6	42	92	function_dark_no_current_annotation	utg7066:19647-367006
utg707	4	17	32	function_dark_no_current_annotation	utg707:735-136330
utg708	1	11	22	function_dark_no_current_annotation	utg708:1077-93714
utg7083	1	4	6	function_dark_no_current_annotation	utg7083:14997-37673
utg709	1	26	64	function_dark_no_current_annotation	utg709:2747-198123
utg7090	2	28	54	function_dark_no_current_annotation	utg7090:602-145415
utg710	2	35	101	function_dark_no_current_annotation	utg710:48-330029
utg7127	4	53	125	function_dark_no_current_annotation	utg7127:1574-407201
utg714	1	34	89	function_dark_no_current_annotation	utg714:3804-382812
utg7143	1	10	18	function_dark_no_current_annotation	utg7143:2010-102753
utg7145	9	66	138	function_dark_no_current_annotation	utg7145:417-560299
utg7149	1	39	103	function_dark_no_current_annotation	utg7149:1784-442369
utg715	3	105	264	function_dark_no_current_annotation	utg715:127-935402
utg7168	3	28	54	function_dark_no_current_annotation	utg7168:9932-207559
utg7179	4	22	44	function_dark_no_current_annotation	utg7179:11726-198230
utg72	5	39	92	function_dark_no_current_annotation	utg72:877-333890
utg7217	3	61	138	function_dark_no_current_annotation	utg7217:2196-514852
utg7244	2	33	64	function_dark_no_current_annotation	utg7244:4084-244047
utg7264	2	15	32	function_dark_no_current_annotation	utg7264:6883-159156
utg7273	1	2	2	function_dark_no_current_annotation	utg7273:154148-155835
utg7286	8	60	118	function_dark_no_current_annotation	utg7286:10152-380721
utg7289	6	84	247	function_dark_no_current_annotation	utg7289:2530-699710
utg729	8	168	480	function_dark_no_current_annotation	utg729:1571-1209758
utg73	8	145	374	function_dark_no_current_annotation	utg73:16737-1356404
utg734	6	56	124	function_dark_no_current_annotation	utg734:197-361674
utg7343	1	6	10	function_dark_no_current_annotation	utg7343:12331-35043
utg735	12	58	119	function_dark_no_current_annotation	utg735:5036-411584
utg736	9	82	214	function_dark_no_current_annotation	utg736:998-792846
utg738	7	41	90	function_dark_no_current_annotation	utg738:5990-599093
utg7403	1	8	16	function_dark_no_current_annotation	utg7403:10968-72581
utg7412	7	32	85	function_dark_no_current_annotation	utg7412:996-225262
utg74575	1	9	16	function_dark_no_current_annotation	utg74575:2284-46823
utg750	6	81	206	function_dark_no_current_annotation	utg750:13267-773769
utg7522	4	61	126	function_dark_no_current_annotation	utg7522:373-437445
utg7548	4	18	34	function_dark_no_current_annotation	utg7548:1292-132383
utg7549	3	36	82	function_dark_no_current_annotation	utg7549:3867-275619
utg7595	9	60	120	function_dark_no_current_annotation	utg7595:4441-357306
utg7596	3	15	28	function_dark_no_current_annotation	utg7596:13420-121349
utg761	3	49	114	function_dark_no_current_annotation	utg761:538-317462
utg7616	5	24	46	function_dark_no_current_annotation	utg7616:13085-166594
utg762	5	48	119	function_dark_no_current_annotation	utg762:19931-489915
utg7652	3	50	109	function_dark_no_current_annotation	utg7652:1188-455416
utg7661	1	6	10	function_dark_no_current_annotation	utg7661:3067-45666
utg7680	5	23	48	function_dark_no_current_annotation	utg7680:14592-155970
utg77	24	187	470	function_dark_no_current_annotation	utg77:19730-1401515
utg7769	3	12	22	function_dark_no_current_annotation	utg7769:2223-132601
utg777	11	93	212	function_dark_no_current_annotation	utg777:3487-874188
utg78	16	116	268	function_dark_no_current_annotation	utg78:8114-763663
utg7821	2	47	122	function_dark_no_current_annotation	utg7821:1132-354236
utg7840	3	74	153	function_dark_no_current_annotation	utg7840:466-489741
utg7847	1	8	14	function_dark_no_current_annotation	utg7847:3255-75739
utg785	4	27	54	function_dark_no_current_annotation	utg785:2856-212094
utg7855	2	3	4	function_dark_no_current_annotation	utg7855:59422-529311
utg788	14	108	262	function_dark_no_current_annotation	utg788:1911-1011531
utg790	6	61	144	function_dark_no_current_annotation	utg790:466-372554
utg7909	2	21	40	function_dark_no_current_annotation	utg7909:17660-123507
utg791	7	71	225	function_dark_no_current_annotation	utg791:2832-639595
utg7931	3	16	40	function_dark_no_current_annotation	utg7931:2191-150924
utg7950	4	45	90	function_dark_no_current_annotation	utg7950:1695-243435
utg797	7	60	135	function_dark_no_current_annotation	utg797:1607-415472
utg7977	1	2	2	function_dark_no_current_annotation	utg7977:36554-37735
utg798	2	88	220	function_dark_no_current_annotation	utg798:215-818333
utg8	2	88	182	function_dark_no_current_annotation	utg8:5299-868179
utg800	1	10	28	function_dark_no_current_annotation	utg800:8504-85015
utg801	3	121	285	function_dark_no_current_annotation	utg801:5016-1015694
utg80148	1	2	2	function_dark_no_current_annotation	utg80148:4665-5352
utg804	1	23	46	function_dark_no_current_annotation	utg804:830-138544
utg8152	1	12	24	function_dark_no_current_annotation	utg8152:1063-92289
utg816	2	24	50	function_dark_no_current_annotation	utg816:90-231270
utg817	3	30	64	function_dark_no_current_annotation	utg817:1670-278549
utg8181	4	16	30	function_dark_no_current_annotation	utg8181:22340-147794
utg82	11	45	101	function_dark_no_current_annotation	utg82:17259-495612
utg820	4	16	30	function_dark_no_current_annotation	utg820:36125-136118
utg8262	4	56	110	function_dark_no_current_annotation	utg8262:17541-495135
utg8316	1	9	26	function_dark_no_current_annotation	utg8316:404-73443
utg8357	1	4	6	function_dark_no_current_annotation	utg8357:42278-88229
utg8380	1	32	77	function_dark_no_current_annotation	utg8380:6990-173500
utg844	3	12	24	function_dark_no_current_annotation	utg844:2643-78483
utg84504	3	4	6	function_dark_no_current_annotation	utg84504:5167-10065
utg8494	10	123	270	function_dark_no_current_annotation	utg8494:1220-978964
utg8497	2	16	30	function_dark_no_current_annotation	utg8497:1775-125408
utg855	5	30	58	function_dark_no_current_annotation	utg855:9032-173536
utg857	3	41	94	function_dark_no_current_annotation	utg857:2187-361541
utg8578	1	18	38	function_dark_no_current_annotation	utg8578:40677-260005
utg858	5	70	179	function_dark_no_current_annotation	utg858:8327-498173
utg86	8	95	222	function_dark_no_current_annotation	utg86:2218-668392
utg8609	4	30	71	function_dark_no_current_annotation	utg8609:306-216759
utg861	11	140	372	function_dark_no_current_annotation	utg861:964-854737
utg8615	2	21	43	function_dark_no_current_annotation	utg8615:12269-288088
utg8672	3	31	60	function_dark_no_current_annotation	utg8672:1217-183209
utg8674	2	12	22	function_dark_no_current_annotation	utg8674:6609-74141
utg868	4	115	314	function_dark_no_current_annotation	utg868:1339-848094
utg8726	7	30	72	function_dark_no_current_annotation	utg8726:667-224375
utg8768	2	12	30	function_dark_no_current_annotation	utg8768:16347-157382
utg8792	7	65	136	function_dark_no_current_annotation	utg8792:11242-557757
utg881	2	11	27	function_dark_no_current_annotation	utg881:55969-273394
utg882	3	15	31	function_dark_no_current_annotation	utg882:11672-367948
utg8820	2	34	73	function_dark_no_current_annotation	utg8820:1800-247719
utg8851	15	99	209	function_dark_no_current_annotation	utg8851:1768-595379
utg88612	1	9	16	function_dark_no_current_annotation	utg88612:491-39944
utg888	8	74	170	function_dark_no_current_annotation	utg888:6992-499431
utg8892	3	29	56	function_dark_no_current_annotation	utg8892:367-127254
utg890	6	59	173	function_dark_no_current_annotation	utg890:2894-525435
utg891	3	43	88	function_dark_no_current_annotation	utg891:9080-403506
utg89561	1	4	8	function_dark_no_current_annotation	utg89561:839-32855
utg896	3	41	84	function_dark_no_current_annotation	utg896:6114-374889
utg902	2	11	20	function_dark_no_current_annotation	utg902:16583-105007
utg9023	3	20	38	function_dark_no_current_annotation	utg9023:2872-136426
utg910	13	189	521	function_dark_no_current_annotation	utg910:30701-1782738
utg911	3	57	132	function_dark_no_current_annotation	utg911:11772-781358
utg9110	3	34	75	function_dark_no_current_annotation	utg9110:860-282384
utg912	2	46	95	function_dark_no_current_annotation	utg912:5771-346565
utg9141	2	15	28	function_dark_no_current_annotation	utg9141:3334-80080
utg9150	1	21	59	function_dark_no_current_annotation	utg9150:8058-317753
utg9194	5	14	32	function_dark_no_current_annotation	utg9194:17433-163520
utg92	17	178	436	function_dark_no_current_annotation	utg92:4878-1374422
utg920	2	37	73	function_dark_no_current_annotation	utg920:5546-214893
utg9202	2	3	4	function_dark_no_current_annotation	utg9202:16613-26577
utg924	8	92	199	function_dark_no_current_annotation	utg924:10310-733294
utg9251	2	36	72	function_dark_no_current_annotation	utg9251:1590-269285
utg9284	3	22	64	function_dark_no_current_annotation	utg9284:17533-220147
utg9285	3	38	82	function_dark_no_current_annotation	utg9285:4143-249525
utg9313	8	45	105	function_dark_no_current_annotation	utg9313:608-506793
utg935	3	23	44	function_dark_no_current_annotation	utg935:231-198393
utg936	7	50	114	function_dark_no_current_annotation	utg936:84-492680
utg9409	1	2	2	function_dark_no_current_annotation	utg9409:106299-107621
utg95	2	54	140	function_dark_no_current_annotation	utg95:3055-321961
utg950	2	24	62	function_dark_no_current_annotation	utg950:2609-282927
utg95251	1	6	10	function_dark_no_current_annotation	utg95251:3852-28861
utg9561	2	3	4	function_dark_no_current_annotation	utg9561:129310-171168
utg9602	7	41	80	function_dark_no_current_annotation	utg9602:63967-254410
utg9603	3	18	34	function_dark_no_current_annotation	utg9603:46574-125501
utg9623	5	34	71	function_dark_no_current_annotation	utg9623:5358-163100
utg9625	1	2	2	function_dark_no_current_annotation	utg9625:83195-83503
utg9668	2	48	94	function_dark_no_current_annotation	utg9668:4160-379885
utg967	5	65	171	function_dark_no_current_annotation	utg967:578-546599
utg975	9	43	84	function_dark_no_current_annotation	utg975:14058-206944
utg9762	2	7	14	function_dark_no_current_annotation	utg9762:2522-68886
utg9769	8	25	50	function_dark_no_current_annotation	utg9769:6712-189164
utg978	4	13	28	function_dark_no_current_annotation	utg978:8827-302047
utg983	4	26	60	function_dark_no_current_annotation	utg983:4326-223696
utg9867	1	22	42	function_dark_no_current_annotation	utg9867:74-117492
utg9875	4	22	42	function_dark_no_current_annotation	utg9875:1923-152669
utg989	3	48	135	function_dark_no_current_annotation	utg989:10402-623309
utg9902	3	14	30	function_dark_no_current_annotation	utg9902:8542-105665
utg99249	1	2	2	function_dark_no_current_annotation	utg99249:46004-47716
utg993	7	35	72	function_dark_no_current_annotation	utg993:2600-369093
